{"offline_id": "1e9f86762f0d4c3ab24b3552da5b422a", "project_name": "yolov5", "start_time": 1708744673516, "stop_time": 1708744876292, "tags": [], "workspace": null, "resume_strategy": "create", "customer_error_reported": true, "customer_error_message": "Unexpected error detected in the user script: RuntimeError('CUDA error: unknown error\\nCUDA kernel errors might be asynchronously reported at some other API call, so the stacktrace below might be incorrect.\\nFor debugging consider passing CUDA_LAUNCH_BLOCKING=1.\\nCompile with `TORCH_USE_CUDA_DSA` to enable device-side assertions.\\n')"}