{"payload":{"installed_packages":["attrs==23.2.0","certifi==2024.2.2","charset-normalizer==3.3.2","clearml==1.14.2","colorama==0.4.6","comet-ml==3.37.1","configobj==5.0.8","contourpy==1.1.1","cycler==0.12.1","dulwich==0.21.7","everett==3.1.0","filelock==3.13.1","fonttools==4.48.1","fsspec==2024.2.0","furl==2.1.3","gitdb==4.0.11","gitpython==3.1.41","idna==3.6","importlib-resources==6.1.1","jinja2==3.1.3","jsonschema-specifications==2023.12.1","jsonschema==4.21.1","kiwisolver==1.4.5","markdown-it-py==3.0.0","markupsafe==2.1.5","matplotlib==3.7.4","mdurl==0.1.2","mouseinfo==0.1.3","mpmath==1.3.0","mss==9.0.1","networkx==3.1","numpy==1.24.4","opencv-python==4.9.0.80","orderedmultidict==1.0.1","packaging==23.2","pandas==2.0.3","pathlib2==2.3.7.post1","pillow==10.2.0","pip==24.0","pkgutil-resolve-name==1.3.10","psutil==5.9.8","py-cpuinfo==9.0.0","pyautogui==0.9.54","pygetwindow==0.0.9","pygments==2.17.2","pyjwt==2.8.0","pymsgbox==1.0.9","pyparsing==3.1.1","pyperclip==1.8.2","pyrect==0.2.0","pyscreeze==0.1.30","python-box==6.1.0","python-dateutil==2.8.2","pytweening==1.0.7","pytz==2024.1","pyyaml==6.0.1","referencing==0.33.0","requests-toolbelt==1.0.0","requests==2.31.0","rich==13.7.0","rpds-py==0.17.1","scipy==1.10.1","seaborn==0.13.2","semantic-version==2.10.0","sentry-sdk==1.40.3","setuptools==69.0.3","simplejson==3.19.2","six==1.16.0","smmap==5.0.1","sympy==1.12","thop==0.1.1.post2209072238","torch==2.2.0+cu121","torchaudio==2.2.0+cu121","torchvision==0.17.0+cu121","tqdm==4.66.1","typing-extensions==4.9.0","tzdata==2023.4","ultralytics==8.1.10","urllib3==2.2.0","websocket-client==1.3.3","wrapt==1.16.0","wurlitzer==3.0.3","zipp==3.17.0"],"local_timestamp":1708744673518,"message_id":1},"type":"ws_msg"}
{"payload":{"env_details":{"command":["train.py","--img","640","--batch","14","--epochs","1000","--data","data.yaml","--weights","yolov5s.pt","--cache","--device","0","--patience","200"],"env":null,"hostname":"bekbek101","ip":"172.16.1.168","machine":"AMD64","os":"Windows-10-10.0.22621-SP0","os_release":"10","os_type":"Windows","pid":8912,"processor":"Intel64 Family 6 Model 165 Stepping 2, GenuineIntel","python_exe":"C:\\Users\\koonc\\AppData\\Local\\Programs\\Python\\Python38\\python.exe","python_version":"3.8.10","python_version_verbose":"3.8.10 (tags/v3.8.10:3d8993a, May  3 2021, 11:48:03) [MSC v.1928 64 bit (AMD64)]","user":"koonc"},"local_timestamp":1708744673603,"message_id":2},"type":"ws_msg"}
{"payload":{"gpu_static_info":[{"gpu_index":0,"name":"NVIDIA GeForce GTX 1650","power_limit":50000,"total_memory":4294967296,"uuid":"GPU-88307867-da8c-54be-d5b7-580feeb46a63"}],"local_timestamp":1708744673642,"message_id":3},"type":"ws_msg"}
{"payload":{"local_timestamp":1708744673642,"message_id":4,"metric":{"epoch":null,"metricName":"sys.gpu.0.total_memory","metricValue":4294967296,"step":null}},"type":"metric_msg"}
{"payload":{"local_timestamp":1708744673643,"message_id":5,"param":{"paramName":"img","paramValue":640,"source":"cli","step":null}},"type":"parameter_msg"}
{"payload":{"local_timestamp":1708744673643,"message_id":6,"param":{"paramName":"batch","paramValue":14,"source":"cli","step":null}},"type":"parameter_msg"}
{"payload":{"local_timestamp":1708744673643,"message_id":7,"param":{"paramName":"epochs","paramValue":1000,"source":"cli","step":null}},"type":"parameter_msg"}
{"payload":{"local_timestamp":1708744673643,"message_id":8,"param":{"paramName":"data","paramValue":"data.yaml","source":"cli","step":null}},"type":"parameter_msg"}
{"payload":{"local_timestamp":1708744673643,"message_id":9,"param":{"paramName":"weights","paramValue":"yolov5s.pt","source":"cli","step":null}},"type":"parameter_msg"}
{"payload":{"local_timestamp":1708744673643,"message_id":10,"param":{"paramName":"cache","paramValue":true,"source":"cli","step":null}},"type":"parameter_msg"}
{"payload":{"local_timestamp":1708744673643,"message_id":11,"param":{"paramName":"device","paramValue":0,"source":"cli","step":null}},"type":"parameter_msg"}
{"payload":{"local_timestamp":1708744673643,"message_id":12,"param":{"paramName":"patience","paramValue":200,"source":"cli","step":null}},"type":"parameter_msg"}
{"payload":{"local_timestamp":1708744673644,"log_other":{"key":"offline_experiment","val":true},"message_id":13},"type":"ws_msg"}
{"payload":{"local_timestamp":1708744673644,"log_other":{"key":"Name","val":"exp"},"message_id":14},"type":"ws_msg"}
{"payload":{"local_timestamp":1708744673646,"message_id":15,"metric":{"epoch":null,"metricName":"sys.gpu.0.gpu_utilization","metricValue":2,"step":null}},"type":"metric_msg"}
{"payload":{"local_timestamp":1708744673647,"message_id":16,"metric":{"epoch":null,"metricName":"sys.gpu.0.power_usage","metricValue":3289,"step":null}},"type":"metric_msg"}
{"payload":{"local_timestamp":1708744673647,"message_id":17,"metric":{"epoch":null,"metricName":"sys.gpu.0.temperature","metricValue":54,"step":null}},"type":"metric_msg"}
{"payload":{"local_timestamp":1708744673647,"message_id":18,"metric":{"epoch":null,"metricName":"sys.gpu.0.memory_utilization","metricValue":1,"step":null}},"type":"metric_msg"}
{"payload":{"local_timestamp":1708744673647,"message_id":19,"metric":{"epoch":null,"metricName":"sys.gpu.0.free_memory","metricValue":3610386432,"step":null}},"type":"metric_msg"}
{"payload":{"local_timestamp":1708744673647,"message_id":20,"metric":{"epoch":null,"metricName":"sys.gpu.0.used_memory","metricValue":684580864,"step":null}},"type":"metric_msg"}
{"payload":{"local_timestamp":1708744673647,"message_id":21,"metric":{"epoch":null,"metricName":"sys.gpu.0.percent.used_memory","metricValue":15.939140319824219,"step":null}},"type":"metric_msg"}
{"payload":{"additional_params":{"assetId":"cce2b24d81ff4263804d05cff7300088","context":null,"extension":"yaml","fileName":"data.yaml","overwrite":false,"runId":null,"step":null},"clean":true,"file_path":"tmp518ujr6y","local_timestamp":1708744673648,"message_id":22,"metadata":{"type":"data-config-file"},"upload_type":"asset"},"type":"file_upload"}
{"payload":{"local_timestamp":1708744673653,"log_other":{"key":"Created from","val":"YOLOv5"},"message_id":23},"type":"ws_msg"}
{"payload":{"local_timestamp":1708744673653,"log_other":{"key":"hasNestedParams","val":true},"message_id":24},"type":"ws_msg"}
{"payload":{"local_timestamp":1708744673653,"message_id":25,"param":{"paramName":"artifact_alias","paramValue":"latest","source":"manual","step":null}},"type":"parameter_msg"}
{"payload":{"local_timestamp":1708744673653,"message_id":26,"param":{"paramName":"batch_size","paramValue":14,"source":"manual","step":null}},"type":"parameter_msg"}
{"payload":{"local_timestamp":1708744673653,"message_id":27,"param":{"paramName":"bbox_interval","paramValue":-1,"source":"manual","step":null}},"type":"parameter_msg"}
{"payload":{"local_timestamp":1708744673653,"message_id":28,"param":{"paramName":"bucket","paramValue":"","source":"manual","step":null}},"type":"parameter_msg"}
{"payload":{"local_timestamp":1708744673653,"message_id":29,"param":{"paramName":"cache","paramValue":"ram","source":"manual","step":null}},"type":"parameter_msg"}
{"payload":{"local_timestamp":1708744673653,"message_id":30,"param":{"paramName":"cfg","paramValue":"","source":"manual","step":null}},"type":"parameter_msg"}
{"payload":{"local_timestamp":1708744673653,"message_id":31,"param":{"paramName":"cos_lr","paramValue":false,"source":"manual","step":null}},"type":"parameter_msg"}
{"payload":{"local_timestamp":1708744673653,"message_id":32,"param":{"paramName":"device","paramValue":"0","source":"manual","step":null}},"type":"parameter_msg"}
{"payload":{"local_timestamp":1708744673653,"message_id":33,"param":{"paramName":"entity","paramValue":null,"source":"manual","step":null}},"type":"parameter_msg"}
{"payload":{"local_timestamp":1708744673653,"message_id":34,"param":{"paramName":"evolve","paramValue":null,"source":"manual","step":null}},"type":"parameter_msg"}
{"payload":{"local_timestamp":1708744673653,"message_id":35,"param":{"paramName":"evolve_population","paramValue":"data\\hyps","source":"manual","step":null}},"type":"parameter_msg"}
{"payload":{"local_timestamp":1708744673653,"message_id":36,"param":{"paramName":"exist_ok","paramValue":false,"source":"manual","step":null}},"type":"parameter_msg"}
{"payload":{"local_timestamp":1708744673653,"message_id":37,"params":{"paramName":"freeze","paramValue":[0],"source":"manual","step":null}},"type":"parameter_msg"}
{"payload":{"local_timestamp":1708744673653,"message_id":38,"param":{"paramName":"hyp|anchor_t","paramValue":4.0,"source":"manual","step":null}},"type":"parameter_msg"}
{"payload":{"local_timestamp":1708744673653,"message_id":39,"param":{"paramName":"hyp|box","paramValue":0.05,"source":"manual","step":null}},"type":"parameter_msg"}
{"payload":{"local_timestamp":1708744673653,"message_id":40,"param":{"paramName":"hyp|cls","paramValue":0.5,"source":"manual","step":null}},"type":"parameter_msg"}
{"payload":{"local_timestamp":1708744673653,"message_id":41,"param":{"paramName":"hyp|cls_pw","paramValue":1.0,"source":"manual","step":null}},"type":"parameter_msg"}
{"payload":{"local_timestamp":1708744673653,"message_id":42,"param":{"paramName":"hyp|copy_paste","paramValue":0.0,"source":"manual","step":null}},"type":"parameter_msg"}
{"payload":{"local_timestamp":1708744673653,"message_id":43,"param":{"paramName":"hyp|degrees","paramValue":0.0,"source":"manual","step":null}},"type":"parameter_msg"}
{"payload":{"local_timestamp":1708744673653,"message_id":44,"param":{"paramName":"hyp|fl_gamma","paramValue":0.0,"source":"manual","step":null}},"type":"parameter_msg"}
{"payload":{"local_timestamp":1708744673654,"message_id":45,"param":{"paramName":"hyp|fliplr","paramValue":0.5,"source":"manual","step":null}},"type":"parameter_msg"}
{"payload":{"local_timestamp":1708744673654,"message_id":46,"param":{"paramName":"hyp|flipud","paramValue":0.0,"source":"manual","step":null}},"type":"parameter_msg"}
{"payload":{"local_timestamp":1708744673654,"message_id":47,"param":{"paramName":"hyp|hsv_h","paramValue":0.015,"source":"manual","step":null}},"type":"parameter_msg"}
{"payload":{"local_timestamp":1708744673654,"message_id":48,"param":{"paramName":"hyp|hsv_s","paramValue":0.7,"source":"manual","step":null}},"type":"parameter_msg"}
{"payload":{"local_timestamp":1708744673654,"message_id":49,"param":{"paramName":"hyp|hsv_v","paramValue":0.4,"source":"manual","step":null}},"type":"parameter_msg"}
{"payload":{"local_timestamp":1708744673654,"message_id":50,"param":{"paramName":"hyp|iou_t","paramValue":0.2,"source":"manual","step":null}},"type":"parameter_msg"}
{"payload":{"local_timestamp":1708744673654,"message_id":51,"param":{"paramName":"hyp|lr0","paramValue":0.01,"source":"manual","step":null}},"type":"parameter_msg"}
{"payload":{"local_timestamp":1708744673654,"message_id":52,"param":{"paramName":"hyp|lrf","paramValue":0.01,"source":"manual","step":null}},"type":"parameter_msg"}
{"payload":{"local_timestamp":1708744673654,"message_id":53,"param":{"paramName":"hyp|mixup","paramValue":0.0,"source":"manual","step":null}},"type":"parameter_msg"}
{"payload":{"local_timestamp":1708744673654,"message_id":54,"param":{"paramName":"hyp|momentum","paramValue":0.937,"source":"manual","step":null}},"type":"parameter_msg"}
{"payload":{"local_timestamp":1708744673654,"message_id":55,"param":{"paramName":"hyp|mosaic","paramValue":1.0,"source":"manual","step":null}},"type":"parameter_msg"}
{"payload":{"local_timestamp":1708744673654,"message_id":56,"param":{"paramName":"hyp|obj","paramValue":1.0,"source":"manual","step":null}},"type":"parameter_msg"}
{"payload":{"local_timestamp":1708744673654,"message_id":57,"param":{"paramName":"hyp|obj_pw","paramValue":1.0,"source":"manual","step":null}},"type":"parameter_msg"}
{"payload":{"local_timestamp":1708744673654,"message_id":58,"param":{"paramName":"hyp|perspective","paramValue":0.0,"source":"manual","step":null}},"type":"parameter_msg"}
{"payload":{"local_timestamp":1708744673654,"message_id":59,"param":{"paramName":"hyp|scale","paramValue":0.5,"source":"manual","step":null}},"type":"parameter_msg"}
{"payload":{"local_timestamp":1708744673654,"message_id":60,"param":{"paramName":"hyp|shear","paramValue":0.0,"source":"manual","step":null}},"type":"parameter_msg"}
{"payload":{"local_timestamp":1708744673654,"message_id":61,"param":{"paramName":"hyp|translate","paramValue":0.1,"source":"manual","step":null}},"type":"parameter_msg"}
{"payload":{"local_timestamp":1708744673654,"message_id":62,"param":{"paramName":"hyp|warmup_bias_lr","paramValue":0.1,"source":"manual","step":null}},"type":"parameter_msg"}
{"payload":{"local_timestamp":1708744673654,"message_id":63,"param":{"paramName":"hyp|warmup_epochs","paramValue":3.0,"source":"manual","step":null}},"type":"parameter_msg"}
{"payload":{"local_timestamp":1708744673654,"message_id":64,"param":{"paramName":"hyp|warmup_momentum","paramValue":0.8,"source":"manual","step":null}},"type":"parameter_msg"}
{"payload":{"local_timestamp":1708744673654,"message_id":65,"param":{"paramName":"hyp|weight_decay","paramValue":0.0005,"source":"manual","step":null}},"type":"parameter_msg"}
{"payload":{"local_timestamp":1708744673654,"message_id":66,"param":{"paramName":"image_weights","paramValue":false,"source":"manual","step":null}},"type":"parameter_msg"}
{"payload":{"local_timestamp":1708744673654,"message_id":67,"param":{"paramName":"imgsz","paramValue":640,"source":"manual","step":null}},"type":"parameter_msg"}
{"payload":{"local_timestamp":1708744673654,"message_id":68,"param":{"paramName":"label_smoothing","paramValue":0.0,"source":"manual","step":null}},"type":"parameter_msg"}
{"payload":{"local_timestamp":1708744673654,"message_id":69,"param":{"paramName":"local_rank","paramValue":-1,"source":"manual","step":null}},"type":"parameter_msg"}
{"payload":{"local_timestamp":1708744673654,"message_id":70,"param":{"paramName":"multi_scale","paramValue":false,"source":"manual","step":null}},"type":"parameter_msg"}
{"payload":{"local_timestamp":1708744673654,"message_id":71,"param":{"paramName":"name","paramValue":"exp","source":"manual","step":null}},"type":"parameter_msg"}
{"payload":{"local_timestamp":1708744673654,"message_id":72,"param":{"paramName":"ndjson_console","paramValue":false,"source":"manual","step":null}},"type":"parameter_msg"}
{"payload":{"local_timestamp":1708744673654,"message_id":73,"param":{"paramName":"ndjson_file","paramValue":false,"source":"manual","step":null}},"type":"parameter_msg"}
{"payload":{"local_timestamp":1708744673654,"message_id":74,"param":{"paramName":"noautoanchor","paramValue":false,"source":"manual","step":null}},"type":"parameter_msg"}
{"payload":{"local_timestamp":1708744673654,"message_id":75,"param":{"paramName":"noplots","paramValue":false,"source":"manual","step":null}},"type":"parameter_msg"}
{"payload":{"local_timestamp":1708744673654,"message_id":76,"param":{"paramName":"nosave","paramValue":false,"source":"manual","step":null}},"type":"parameter_msg"}
{"payload":{"local_timestamp":1708744673654,"message_id":77,"param":{"paramName":"noval","paramValue":false,"source":"manual","step":null}},"type":"parameter_msg"}
{"payload":{"local_timestamp":1708744673654,"message_id":78,"param":{"paramName":"optimizer","paramValue":"SGD","source":"manual","step":null}},"type":"parameter_msg"}
{"payload":{"local_timestamp":1708744673654,"message_id":79,"param":{"paramName":"project","paramValue":"runs\\train","source":"manual","step":null}},"type":"parameter_msg"}
{"payload":{"local_timestamp":1708744673654,"message_id":80,"param":{"paramName":"quad","paramValue":false,"source":"manual","step":null}},"type":"parameter_msg"}
{"payload":{"local_timestamp":1708744673654,"message_id":81,"param":{"paramName":"rect","paramValue":false,"source":"manual","step":null}},"type":"parameter_msg"}
{"payload":{"local_timestamp":1708744673654,"message_id":82,"param":{"paramName":"resume","paramValue":false,"source":"manual","step":null}},"type":"parameter_msg"}
{"payload":{"local_timestamp":1708744673654,"message_id":83,"param":{"paramName":"resume_evolve","paramValue":null,"source":"manual","step":null}},"type":"parameter_msg"}
{"payload":{"local_timestamp":1708744673654,"message_id":84,"param":{"paramName":"save_dir","paramValue":"runs\\train\\exp26","source":"manual","step":null}},"type":"parameter_msg"}
{"payload":{"local_timestamp":1708744673654,"message_id":85,"param":{"paramName":"save_period","paramValue":-1,"source":"manual","step":null}},"type":"parameter_msg"}
{"payload":{"local_timestamp":1708744673654,"message_id":86,"param":{"paramName":"seed","paramValue":0,"source":"manual","step":null}},"type":"parameter_msg"}
{"payload":{"local_timestamp":1708744673654,"message_id":87,"param":{"paramName":"single_cls","paramValue":false,"source":"manual","step":null}},"type":"parameter_msg"}
{"payload":{"local_timestamp":1708744673654,"message_id":88,"param":{"paramName":"sync_bn","paramValue":false,"source":"manual","step":null}},"type":"parameter_msg"}
{"payload":{"local_timestamp":1708744673654,"message_id":89,"param":{"paramName":"upload_dataset","paramValue":false,"source":"manual","step":null}},"type":"parameter_msg"}
{"payload":{"local_timestamp":1708744673654,"message_id":90,"param":{"paramName":"workers","paramValue":8,"source":"manual","step":null}},"type":"parameter_msg"}
{"payload":{"local_timestamp":1708744673654,"message_id":91,"param":{"paramName":"anchor_t","paramValue":4.0,"source":"manual","step":null}},"type":"parameter_msg"}
{"payload":{"local_timestamp":1708744673654,"message_id":92,"param":{"paramName":"box","paramValue":0.05,"source":"manual","step":null}},"type":"parameter_msg"}
{"payload":{"local_timestamp":1708744673654,"message_id":93,"param":{"paramName":"cls","paramValue":0.5,"source":"manual","step":null}},"type":"parameter_msg"}
{"payload":{"local_timestamp":1708744673654,"message_id":94,"param":{"paramName":"cls_pw","paramValue":1.0,"source":"manual","step":null}},"type":"parameter_msg"}
{"payload":{"local_timestamp":1708744673654,"message_id":95,"param":{"paramName":"copy_paste","paramValue":0.0,"source":"manual","step":null}},"type":"parameter_msg"}
{"payload":{"local_timestamp":1708744673654,"message_id":96,"param":{"paramName":"degrees","paramValue":0.0,"source":"manual","step":null}},"type":"parameter_msg"}
{"payload":{"local_timestamp":1708744673654,"message_id":97,"param":{"paramName":"fl_gamma","paramValue":0.0,"source":"manual","step":null}},"type":"parameter_msg"}
{"payload":{"local_timestamp":1708744673654,"message_id":98,"param":{"paramName":"fliplr","paramValue":0.5,"source":"manual","step":null}},"type":"parameter_msg"}
{"payload":{"local_timestamp":1708744673654,"message_id":99,"param":{"paramName":"flipud","paramValue":0.0,"source":"manual","step":null}},"type":"parameter_msg"}
{"payload":{"local_timestamp":1708744673654,"message_id":100,"param":{"paramName":"hsv_h","paramValue":0.015,"source":"manual","step":null}},"type":"parameter_msg"}
{"payload":{"local_timestamp":1708744673654,"message_id":101,"param":{"paramName":"hsv_s","paramValue":0.7,"source":"manual","step":null}},"type":"parameter_msg"}
{"payload":{"local_timestamp":1708744673654,"message_id":102,"param":{"paramName":"hsv_v","paramValue":0.4,"source":"manual","step":null}},"type":"parameter_msg"}
{"payload":{"local_timestamp":1708744673654,"message_id":103,"param":{"paramName":"iou_t","paramValue":0.2,"source":"manual","step":null}},"type":"parameter_msg"}
{"payload":{"local_timestamp":1708744673654,"message_id":104,"param":{"paramName":"lr0","paramValue":0.01,"source":"manual","step":null}},"type":"parameter_msg"}
{"payload":{"local_timestamp":1708744673654,"message_id":105,"param":{"paramName":"lrf","paramValue":0.01,"source":"manual","step":null}},"type":"parameter_msg"}
{"payload":{"local_timestamp":1708744673654,"message_id":106,"param":{"paramName":"mixup","paramValue":0.0,"source":"manual","step":null}},"type":"parameter_msg"}
{"payload":{"local_timestamp":1708744673654,"message_id":107,"param":{"paramName":"momentum","paramValue":0.937,"source":"manual","step":null}},"type":"parameter_msg"}
{"payload":{"local_timestamp":1708744673654,"message_id":108,"param":{"paramName":"mosaic","paramValue":1.0,"source":"manual","step":null}},"type":"parameter_msg"}
{"payload":{"local_timestamp":1708744673654,"message_id":109,"param":{"paramName":"obj","paramValue":1.0,"source":"manual","step":null}},"type":"parameter_msg"}
{"payload":{"local_timestamp":1708744673654,"message_id":110,"param":{"paramName":"obj_pw","paramValue":1.0,"source":"manual","step":null}},"type":"parameter_msg"}
{"payload":{"local_timestamp":1708744673654,"message_id":111,"param":{"paramName":"perspective","paramValue":0.0,"source":"manual","step":null}},"type":"parameter_msg"}
{"payload":{"local_timestamp":1708744673654,"message_id":112,"param":{"paramName":"scale","paramValue":0.5,"source":"manual","step":null}},"type":"parameter_msg"}
{"payload":{"local_timestamp":1708744673654,"message_id":113,"param":{"paramName":"shear","paramValue":0.0,"source":"manual","step":null}},"type":"parameter_msg"}
{"payload":{"local_timestamp":1708744673654,"message_id":114,"param":{"paramName":"translate","paramValue":0.1,"source":"manual","step":null}},"type":"parameter_msg"}
{"payload":{"local_timestamp":1708744673654,"message_id":115,"param":{"paramName":"warmup_bias_lr","paramValue":0.1,"source":"manual","step":null}},"type":"parameter_msg"}
{"payload":{"local_timestamp":1708744673654,"message_id":116,"param":{"paramName":"warmup_epochs","paramValue":3.0,"source":"manual","step":null}},"type":"parameter_msg"}
{"payload":{"local_timestamp":1708744673655,"message_id":117,"param":{"paramName":"warmup_momentum","paramValue":0.8,"source":"manual","step":null}},"type":"parameter_msg"}
{"payload":{"local_timestamp":1708744673655,"message_id":118,"param":{"paramName":"weight_decay","paramValue":0.0005,"source":"manual","step":null}},"type":"parameter_msg"}
{"payload":{"additional_params":{"assetId":"d9dbcd96e18f40a69b2b44fa8b20f9de","context":null,"epoch":null,"extension":"json","fileName":"hyperparameters.json","overwrite":false,"runId":null,"step":null},"clean":true,"file_path":"tmp3znpmyp3","local_timestamp":1708744673661,"message_id":119,"metadata":{"type":"hyp-config-file"},"upload_type":"asset"},"type":"file_upload"}
{"payload":{"additional_params":{"assetId":"db8d1a7069884b5a87174f4e7fbe19b2","context":null,"extension":"yaml","fileName":"opt.yaml","overwrite":false,"runId":null,"step":null},"clean":true,"file_path":"tmpgdayjgyv","local_timestamp":1708744673662,"message_id":120,"metadata":{"type":"opt-config-file"},"upload_type":"asset"},"type":"file_upload"}
{"payload":{"local_timestamp":1708744673662,"message_id":121,"param":{"paramName":"val_conf_threshold","paramValue":0.001,"source":"manual","step":null}},"type":"parameter_msg"}
{"payload":{"local_timestamp":1708744673662,"message_id":122,"param":{"paramName":"val_iou_threshold","paramValue":0.6,"source":"manual","step":null}},"type":"parameter_msg"}
{"payload":{"local_timestamp":1708744673662,"log_other":{"key":"comet_mode","val":"online"},"message_id":123},"type":"ws_msg"}
{"payload":{"local_timestamp":1708744673662,"log_other":{"key":"comet_max_image_uploads","val":100},"message_id":124},"type":"ws_msg"}
{"payload":{"local_timestamp":1708744673662,"log_other":{"key":"comet_log_per_class_metrics","val":false},"message_id":125},"type":"ws_msg"}
{"payload":{"local_timestamp":1708744673662,"log_other":{"key":"comet_log_batch_metrics","val":false},"message_id":126},"type":"ws_msg"}
{"payload":{"local_timestamp":1708744673662,"log_other":{"key":"comet_log_confusion_matrix","val":true},"message_id":127},"type":"ws_msg"}
{"payload":{"local_timestamp":1708744673662,"log_other":{"key":"comet_model_name","val":"yolov5"},"message_id":128},"type":"ws_msg"}
{"payload":{"local_timestamp":1708744673728,"message_id":129,"stderr":true,"stdout":"Overriding model.yaml nc=80 with nc=2\n"},"type":"ws_msg"}
{"payload":{"git_meta":{"branch":"refs/heads/main","origin":"https://github.com/KENTHN658/detect_people_from_video.git","parent":"6e022c8af89ee069134f7a08cebab328b7f086ed","repo_name":"detect_people_from_video","root":"6e022c8af89ee069134f7a08cebab328b7f086ed","status":null,"user":"bekbek22"},"local_timestamp":1708744673729,"message_id":130},"type":"ws_msg"}
{"payload":{"local_timestamp":1708744673729,"message_id":131,"stderr":true,"stdout":"\n                 from  n    params  module                                  arguments                     \n"},"type":"ws_msg"}
{"payload":{"local_timestamp":1708744673733,"message_id":132,"stderr":true,"stdout":"  0                -1  1      3520  models.common.Conv                      [3, 32, 6, 2, 2]              \n"},"type":"ws_msg"}
{"payload":{"local_timestamp":1708744673734,"message_id":133,"stderr":true,"stdout":"  1                -1  1     18560  models.common.Conv                      [32, 64, 3, 2]                \n"},"type":"ws_msg"}
{"payload":{"local_timestamp":1708744673736,"message_id":134,"stderr":true,"stdout":"  2                -1  1     18816  models.common.C3                        [64, 64, 1]                   \n"},"type":"ws_msg"}
{"payload":{"local_timestamp":1708744673738,"message_id":135,"stderr":true,"stdout":"  3                -1  1     73984  models.common.Conv                      [64, 128, 3, 2]               \n"},"type":"ws_msg"}
{"payload":{"local_timestamp":1708744673740,"message_id":136,"stderr":true,"stdout":"  4                -1  2    115712  models.common.C3                        [128, 128, 2]                 \n"},"type":"ws_msg"}
{"payload":{"local_timestamp":1708744673743,"message_id":137,"stderr":true,"stdout":"  5                -1  1    295424  models.common.Conv                      [128, 256, 3, 2]              \n"},"type":"ws_msg"}
{"payload":{"local_timestamp":1708744673980,"message_id":138,"metric":{"epoch":null,"metricName":"sys.cpu.percent.avg","metricValue":0.0,"step":null}},"type":"metric_msg"}
{"payload":{"local_timestamp":1708744673980,"message_id":139,"metric":{"epoch":null,"metricName":"sys.ram.total","metricValue":17008852992,"step":null}},"type":"metric_msg"}
{"payload":{"local_timestamp":1708744673980,"message_id":140,"metric":{"epoch":null,"metricName":"sys.ram.used","metricValue":5734158336,"step":null}},"type":"metric_msg"}
{"payload":{"local_timestamp":1708744673980,"message_id":141,"metric":{"epoch":null,"metricName":"sys.ram.available","metricValue":11274694656,"step":null}},"type":"metric_msg"}
{"payload":{"local_timestamp":1708744673980,"message_id":142,"metric":{"epoch":null,"metricName":"sys.ram.percent.used","metricValue":33.7,"step":null}},"type":"metric_msg"}
{"payload":{"local_timestamp":1708744673980,"message_id":143,"metric":{"epoch":null,"metricName":"sys.load.avg","metricValue":0.0,"step":null}},"type":"metric_msg"}
{"payload":{"local_timestamp":1708744673982,"message_id":144,"stderr":true,"stdout":"  6                -1  3    625152  models.common.C3                        [256, 256, 3]                 \n"},"type":"ws_msg"}
{"payload":{"local_timestamp":1708744673990,"message_id":145,"stderr":true,"stdout":"  7                -1  1   1180672  models.common.Conv                      [256, 512, 3, 2]              \n"},"type":"ws_msg"}
{"payload":{"local_timestamp":1708744673997,"message_id":146,"stderr":true,"stdout":"  8                -1  1   1182720  models.common.C3                        [512, 512, 1]                 \n"},"type":"ws_msg"}
{"payload":{"local_timestamp":1708744674001,"message_id":147,"stderr":true,"stdout":"  9                -1  1    656896  models.common.SPPF                      [512, 512, 5]                 \n"},"type":"ws_msg"}
{"payload":{"local_timestamp":1708744674002,"message_id":148,"stderr":true,"stdout":" 10                -1  1    131584  models.common.Conv                      [512, 256, 1, 1]              \n"},"type":"ws_msg"}
{"payload":{"local_timestamp":1708744674003,"message_id":149,"stderr":true,"stdout":" 11                -1  1         0  torch.nn.modules.upsampling.Upsample    [None, 2, 'nearest']          \n"},"type":"ws_msg"}
{"payload":{"local_timestamp":1708744674003,"message_id":150,"stderr":true,"stdout":" 12           [-1, 6]  1         0  models.common.Concat                    [1]                           \n"},"type":"ws_msg"}
{"payload":{"local_timestamp":1708744674006,"message_id":151,"stderr":true,"stdout":" 13                -1  1    361984  models.common.C3                        [512, 256, 1, False]          \n"},"type":"ws_msg"}
{"payload":{"local_timestamp":1708744674006,"message_id":152,"stderr":true,"stdout":" 14                -1  1     33024  models.common.Conv                      [256, 128, 1, 1]              \n"},"type":"ws_msg"}
{"payload":{"local_timestamp":1708744674007,"message_id":153,"stderr":true,"stdout":" 15                -1  1         0  torch.nn.modules.upsampling.Upsample    [None, 2, 'nearest']          \n"},"type":"ws_msg"}
{"payload":{"local_timestamp":1708744674007,"message_id":154,"stderr":true,"stdout":" 16           [-1, 4]  1         0  models.common.Concat                    [1]                           \n"},"type":"ws_msg"}
{"payload":{"local_timestamp":1708744674010,"message_id":155,"stderr":true,"stdout":" 17                -1  1     90880  models.common.C3                        [256, 128, 1, False]          \n"},"type":"ws_msg"}
{"payload":{"local_timestamp":1708744674010,"message_id":156,"stderr":true,"stdout":" 18                -1  1    147712  models.common.Conv                      [128, 128, 3, 2]              \n"},"type":"ws_msg"}
{"payload":{"local_timestamp":1708744674011,"message_id":157,"stderr":true,"stdout":" 19          [-1, 14]  1         0  models.common.Concat                    [1]                           \n"},"type":"ws_msg"}
{"payload":{"local_timestamp":1708744674014,"message_id":158,"stderr":true,"stdout":" 20                -1  1    296448  models.common.C3                        [256, 256, 1, False]          \n"},"type":"ws_msg"}
{"payload":{"local_timestamp":1708744674017,"message_id":159,"stderr":true,"stdout":" 21                -1  1    590336  models.common.Conv                      [256, 256, 3, 2]              \n"},"type":"ws_msg"}
{"payload":{"local_timestamp":1708744674017,"message_id":160,"stderr":true,"stdout":" 22          [-1, 10]  1         0  models.common.Concat                    [1]                           \n"},"type":"ws_msg"}
{"payload":{"local_timestamp":1708744674028,"message_id":161,"stderr":true,"stdout":" 23                -1  1   1182720  models.common.C3                        [512, 512, 1, False]          \n"},"type":"ws_msg"}
{"payload":{"local_timestamp":1708744674030,"message_id":162,"stderr":true,"stdout":" 24      [17, 20, 23]  1     18879  models.yolo.Detect                      [2, [[10, 13, 16, 30, 33, 23], [30, 61, 62, 45, 59, 119], [116, 90, 156, 198, 373, 326]], [128, 256, 512]]\n"},"type":"ws_msg"}
{"payload":{"local_timestamp":1708744674237,"message_id":163,"stderr":true,"stdout":"Model summary: 214 layers, 7025023 parameters, 7025023 gradients, 16.0 GFLOPs\n"},"type":"ws_msg"}
{"payload":{"local_timestamp":1708744674237,"message_id":164,"stderr":true,"stdout":"\n"},"type":"ws_msg"}
{"payload":{"local_timestamp":1708744674488,"message_id":165,"stderr":true,"stdout":"Transferred 343/349 items from yolov5s.pt\n"},"type":"ws_msg"}
{"payload":{"local_timestamp":1708744675730,"message_id":166,"stderr":true,"stdout":"\u001b[34m\u001b[1mAMP: \u001b[0mchecks passed \n"},"type":"ws_msg"}
{"payload":{"local_timestamp":1708744675732,"message_id":167,"stderr":true,"stdout":"\u001b[34m\u001b[1moptimizer:\u001b[0m SGD(lr=0.01) with parameter groups 57 weight(decay=0.0), 60 weight(decay=0.000546875), 60 bias\n"},"type":"ws_msg"}
{"payload":{"local_timestamp":1708744676427,"message_id":168,"stderr":true,"stdout":"\r\u001b[34m\u001b[1mtrain: \u001b[0mScanning C:\\Users\\koonc\\yolov5-master\\Person\\train\\labels.cache... 2799 images, 57 backgrounds, 0 corrupt: 100%|\u2588\u2588\u2588\u2588\u2588\u2588\u2588\u2588\u2588\u2588| 2799/2799 [00:00<?, ?it/s]\u001b[0m"},"type":"ws_msg"}
{"payload":{"local_timestamp":1708744676427,"message_id":169,"stderr":true,"stdout":"\r\u001b[34m\u001b[1mtrain: \u001b[0mScanning C:\\Users\\koonc\\yolov5-master\\Person\\train\\labels.cache... 2799 images, 57 backgrounds, 0 corrupt: 100%|\u2588\u2588\u2588\u2588\u2588\u2588\u2588\u2588\u2588\u2588| 2799/2799 [00:00<?, ?it/s]\u001b[0m"},"type":"ws_msg"}
{"payload":{"local_timestamp":1708744676427,"message_id":170,"stderr":true,"stdout":"\n"},"type":"ws_msg"}
{"payload":{"local_timestamp":1708744676515,"message_id":171,"stderr":true,"stdout":"\r  0%|          | 0/2799 [00:00<?, ?it/s]"},"type":"ws_msg"}
{"payload":{"local_timestamp":1708744676616,"message_id":172,"stderr":true,"stdout":"\r\u001b[34m\u001b[1mtrain: \u001b[0mCaching images (0.2GB ram):   6%|\u258c         | 163/2799 [00:00<00:01, 1618.22it/s]\u001b[0m"},"type":"ws_msg"}
{"payload":{"local_timestamp":1708744676717,"message_id":173,"stderr":true,"stdout":"\r\u001b[34m\u001b[1mtrain: \u001b[0mCaching images (0.4GB ram):  12%|\u2588\u258f        | 339/2799 [00:00<00:01, 1694.11it/s]\u001b[0m"},"type":"ws_msg"}
{"payload":{"local_timestamp":1708744676817,"message_id":174,"stderr":true,"stdout":"\r\u001b[34m\u001b[1mtrain: \u001b[0mCaching images (0.6GB ram):  18%|\u2588\u258a        | 509/2799 [00:00<00:01, 1691.17it/s]\u001b[0m"},"type":"ws_msg"}
{"payload":{"local_timestamp":1708744676918,"message_id":175,"stderr":true,"stdout":"\r\u001b[34m\u001b[1mtrain: \u001b[0mCaching images (0.8GB ram):  24%|\u2588\u2588\u258d       | 679/2799 [00:00<00:01, 1689.42it/s]\u001b[0m"},"type":"ws_msg"}
{"payload":{"local_timestamp":1708744677019,"message_id":176,"stderr":true,"stdout":"\r\u001b[34m\u001b[1mtrain: \u001b[0mCaching images (1.0GB ram):  30%|\u2588\u2588\u2588       | 851/2799 [00:00<00:01, 1695.94it/s]\u001b[0m"},"type":"ws_msg"}
{"payload":{"local_timestamp":1708744677128,"message_id":177,"stderr":true,"stdout":"\r\u001b[34m\u001b[1mtrain: \u001b[0mCaching images (1.2GB ram):  36%|\u2588\u2588\u2588\u258b      | 1021/2799 [00:00<00:01, 1648.62it/s]\u001b[0m"},"type":"ws_msg"}
{"payload":{"local_timestamp":1708744677232,"message_id":178,"stderr":true,"stdout":"\r\u001b[34m\u001b[1mtrain: \u001b[0mCaching images (1.4GB ram):  42%|\u2588\u2588\u2588\u2588\u258f     | 1187/2799 [00:00<00:00, 1631.87it/s]\u001b[0m"},"type":"ws_msg"}
{"payload":{"local_timestamp":1708744677332,"message_id":179,"stderr":true,"stdout":"\r\u001b[34m\u001b[1mtrain: \u001b[0mCaching images (1.6GB ram):  48%|\u2588\u2588\u2588\u2588\u258a     | 1356/2799 [00:00<00:00, 1646.20it/s]\u001b[0m"},"type":"ws_msg"}
{"payload":{"local_timestamp":1708744677433,"message_id":180,"stderr":true,"stdout":"\r\u001b[34m\u001b[1mtrain: \u001b[0mCaching images (1.7GB ram):  54%|\u2588\u2588\u2588\u2588\u2588\u258d    | 1521/2799 [00:00<00:00, 1645.68it/s]\u001b[0m"},"type":"ws_msg"}
{"payload":{"local_timestamp":1708744677533,"message_id":181,"stderr":true,"stdout":"\r\u001b[34m\u001b[1mtrain: \u001b[0mCaching images (1.9GB ram):  60%|\u2588\u2588\u2588\u2588\u2588\u2588    | 1693/2799 [00:01<00:00, 1664.61it/s]\u001b[0m"},"type":"ws_msg"}
{"payload":{"local_timestamp":1708744677637,"message_id":182,"stderr":true,"stdout":"\r\u001b[34m\u001b[1mtrain: \u001b[0mCaching images (2.1GB ram):  66%|\u2588\u2588\u2588\u2588\u2588\u2588\u258b   | 1860/2799 [00:01<00:00, 1647.67it/s]\u001b[0m"},"type":"ws_msg"}
{"payload":{"local_timestamp":1708744677752,"message_id":183,"stderr":true,"stdout":"\r\u001b[34m\u001b[1mtrain: \u001b[0mCaching images (2.3GB ram):  72%|\u2588\u2588\u2588\u2588\u2588\u2588\u2588\u258f  | 2025/2799 [00:01<00:00, 1592.55it/s]\u001b[0m"},"type":"ws_msg"}
{"payload":{"local_timestamp":1708744677861,"message_id":184,"stderr":true,"stdout":"\r\u001b[34m\u001b[1mtrain: \u001b[0mCaching images (2.5GB ram):  78%|\u2588\u2588\u2588\u2588\u2588\u2588\u2588\u258a  | 2185/2799 [00:01<00:00, 1537.62it/s]\u001b[0m"},"type":"ws_msg"}
{"payload":{"local_timestamp":1708744677963,"message_id":185,"stderr":true,"stdout":"\r\u001b[34m\u001b[1mtrain: \u001b[0mCaching images (2.7GB ram):  84%|\u2588\u2588\u2588\u2588\u2588\u2588\u2588\u2588\u258e | 2340/2799 [00:01<00:00, 1538.10it/s]\u001b[0m"},"type":"ws_msg"}
{"payload":{"local_timestamp":1708744678069,"message_id":186,"stderr":true,"stdout":"\r\u001b[34m\u001b[1mtrain: \u001b[0mCaching images (2.9GB ram):  89%|\u2588\u2588\u2588\u2588\u2588\u2588\u2588\u2588\u2589 | 2495/2799 [00:01<00:00, 1512.07it/s]\u001b[0m"},"type":"ws_msg"}
{"payload":{"local_timestamp":1708744678179,"message_id":187,"stderr":true,"stdout":"\r\u001b[34m\u001b[1mtrain: \u001b[0mCaching images (3.0GB ram):  95%|\u2588\u2588\u2588\u2588\u2588\u2588\u2588\u2588\u2588\u258d| 2647/2799 [00:01<00:00, 1477.14it/s]\u001b[0m"},"type":"ws_msg"}
{"payload":{"local_timestamp":1708744678284,"message_id":188,"stderr":true,"stdout":"\r\u001b[34m\u001b[1mtrain: \u001b[0mCaching images (3.2GB ram): 100%|\u2588\u2588\u2588\u2588\u2588\u2588\u2588\u2588\u2588\u2589| 2795/2799 [00:01<00:00, 1449.99it/s]\u001b[0m"},"type":"ws_msg"}
{"payload":{"local_timestamp":1708744678285,"message_id":189,"stderr":true,"stdout":"\r\u001b[34m\u001b[1mtrain: \u001b[0mCaching images (3.2GB ram): 100%|\u2588\u2588\u2588\u2588\u2588\u2588\u2588\u2588\u2588\u2588| 2799/2799 [00:01<00:00, 1581.27it/s]\u001b[0m"},"type":"ws_msg"}
{"payload":{"local_timestamp":1708744678285,"message_id":190,"stderr":true,"stdout":"\n"},"type":"ws_msg"}
{"payload":{"local_timestamp":1708744734686,"message_id":191,"metric":{"epoch":null,"metricName":"sys.gpu.0.gpu_utilization","metricValue":1,"step":null}},"type":"metric_msg"}
{"payload":{"local_timestamp":1708744734692,"message_id":192,"metric":{"epoch":null,"metricName":"sys.gpu.0.power_usage","metricValue":3078,"step":null}},"type":"metric_msg"}
{"payload":{"local_timestamp":1708744734692,"message_id":193,"metric":{"epoch":null,"metricName":"sys.gpu.0.temperature","metricValue":62,"step":null}},"type":"metric_msg"}
{"payload":{"local_timestamp":1708744734692,"message_id":194,"metric":{"epoch":null,"metricName":"sys.gpu.0.memory_utilization","metricValue":0,"step":null}},"type":"metric_msg"}
{"payload":{"local_timestamp":1708744734692,"message_id":195,"metric":{"epoch":null,"metricName":"sys.gpu.0.free_memory","metricValue":3403214848,"step":null}},"type":"metric_msg"}
{"payload":{"local_timestamp":1708744734692,"message_id":196,"metric":{"epoch":null,"metricName":"sys.gpu.0.used_memory","metricValue":891752448,"step":null}},"type":"metric_msg"}
{"payload":{"local_timestamp":1708744734693,"message_id":197,"metric":{"epoch":null,"metricName":"sys.gpu.0.percent.used_memory","metricValue":20.76272964477539,"step":null}},"type":"metric_msg"}
{"payload":{"local_timestamp":1708744734808,"message_id":198,"metric":{"epoch":null,"metricName":"sys.cpu.percent.avg","metricValue":15.912500000000001,"step":null}},"type":"metric_msg"}
{"payload":{"local_timestamp":1708744734808,"message_id":199,"metric":{"epoch":null,"metricName":"sys.ram.total","metricValue":17008852992,"step":null}},"type":"metric_msg"}
{"payload":{"local_timestamp":1708744734808,"message_id":200,"metric":{"epoch":null,"metricName":"sys.ram.used","metricValue":12826415104,"step":null}},"type":"metric_msg"}
{"payload":{"local_timestamp":1708744734808,"message_id":201,"metric":{"epoch":null,"metricName":"sys.ram.available","metricValue":4182437888,"step":null}},"type":"metric_msg"}
{"payload":{"local_timestamp":1708744734808,"message_id":202,"metric":{"epoch":null,"metricName":"sys.ram.percent.used","metricValue":75.4,"step":null}},"type":"metric_msg"}
{"payload":{"local_timestamp":1708744734808,"message_id":203,"metric":{"epoch":null,"metricName":"sys.load.avg","metricValue":0.09,"step":null}},"type":"metric_msg"}
{"payload":{"local_timestamp":1708744734934,"message_id":204,"metric":{"epoch":null,"metricName":"sys.network.send_bps","metricValue":1710,"step":null}},"type":"metric_msg"}
{"payload":{"local_timestamp":1708744734934,"message_id":205,"metric":{"epoch":null,"metricName":"sys.network.receive_bps","metricValue":7686,"step":null}},"type":"metric_msg"}
{"payload":{"local_timestamp":1708744735040,"message_id":206,"metric":{"epoch":null,"metricName":"sys.disk.read_bps","metricValue":82060403.67348137,"step":null}},"type":"metric_msg"}
{"payload":{"local_timestamp":1708744735040,"message_id":207,"metric":{"epoch":null,"metricName":"sys.disk.write_bps","metricValue":37712883.84337006,"step":null}},"type":"metric_msg"}
{"payload":{"local_timestamp":1708744795768,"message_id":208,"metric":{"epoch":null,"metricName":"sys.gpu.0.gpu_utilization","metricValue":1,"step":null}},"type":"metric_msg"}
{"payload":{"local_timestamp":1708744795770,"message_id":209,"metric":{"epoch":null,"metricName":"sys.gpu.0.power_usage","metricValue":3698,"step":null}},"type":"metric_msg"}
{"payload":{"local_timestamp":1708744795770,"message_id":210,"metric":{"epoch":null,"metricName":"sys.gpu.0.temperature","metricValue":63,"step":null}},"type":"metric_msg"}
{"payload":{"local_timestamp":1708744795770,"message_id":211,"metric":{"epoch":null,"metricName":"sys.gpu.0.memory_utilization","metricValue":0,"step":null}},"type":"metric_msg"}
{"payload":{"local_timestamp":1708744795770,"message_id":212,"metric":{"epoch":null,"metricName":"sys.gpu.0.free_memory","metricValue":3403436032,"step":null}},"type":"metric_msg"}
{"payload":{"local_timestamp":1708744795770,"message_id":213,"metric":{"epoch":null,"metricName":"sys.gpu.0.used_memory","metricValue":891531264,"step":null}},"type":"metric_msg"}
{"payload":{"local_timestamp":1708744795770,"message_id":214,"metric":{"epoch":null,"metricName":"sys.gpu.0.percent.used_memory","metricValue":20.757579803466797,"step":null}},"type":"metric_msg"}
{"payload":{"local_timestamp":1708744795929,"message_id":215,"metric":{"epoch":null,"metricName":"sys.cpu.percent.avg","metricValue":15.3625,"step":null}},"type":"metric_msg"}
{"payload":{"local_timestamp":1708744795929,"message_id":216,"metric":{"epoch":null,"metricName":"sys.ram.total","metricValue":17008852992,"step":null}},"type":"metric_msg"}
{"payload":{"local_timestamp":1708744795929,"message_id":217,"metric":{"epoch":null,"metricName":"sys.ram.used","metricValue":17002528768,"step":null}},"type":"metric_msg"}
{"payload":{"local_timestamp":1708744795930,"message_id":218,"metric":{"epoch":null,"metricName":"sys.ram.available","metricValue":6324224,"step":null}},"type":"metric_msg"}
{"payload":{"local_timestamp":1708744795930,"message_id":219,"metric":{"epoch":null,"metricName":"sys.ram.percent.used","metricValue":100.0,"step":null}},"type":"metric_msg"}
{"payload":{"local_timestamp":1708744795930,"message_id":220,"metric":{"epoch":null,"metricName":"sys.load.avg","metricValue":0.11,"step":null}},"type":"metric_msg"}
{"payload":{"local_timestamp":1708744796075,"message_id":221,"metric":{"epoch":null,"metricName":"sys.network.send_bps","metricValue":348,"step":null}},"type":"metric_msg"}
{"payload":{"local_timestamp":1708744796075,"message_id":222,"metric":{"epoch":null,"metricName":"sys.network.receive_bps","metricValue":2339,"step":null}},"type":"metric_msg"}
{"payload":{"local_timestamp":1708744796189,"message_id":223,"metric":{"epoch":null,"metricName":"sys.disk.read_bps","metricValue":90226492.08259694,"step":null}},"type":"metric_msg"}
{"payload":{"local_timestamp":1708744796189,"message_id":224,"metric":{"epoch":null,"metricName":"sys.disk.write_bps","metricValue":32600180.142781112,"step":null}},"type":"metric_msg"}
{"payload":{"local_timestamp":1708744818179,"message_id":225,"stderr":true,"stdout":"\r\u001b[34m\u001b[1mval: \u001b[0mScanning C:\\Users\\koonc\\yolov5-master\\Person\\valid\\labels...:   0%|          | 0/160 [00:00<?, ?it/s]\u001b[0m"},"type":"ws_msg"}
{"payload":{"local_timestamp":1708744831243,"message_id":226,"stderr":true,"stdout":"\r\u001b[34m\u001b[1mval: \u001b[0mScanning C:\\Users\\koonc\\yolov5-master\\Person\\valid\\labels... 1 images, 0 backgrounds, 0 corrupt:   1%|          | 1/160 [00:13<34:36, 13.06s/it]\u001b[0m"},"type":"ws_msg"}
{"payload":{"local_timestamp":1708744831276,"message_id":227,"stderr":true,"stdout":"\r\u001b[34m\u001b[1mval: \u001b[0mScanning C:\\Users\\koonc\\yolov5-master\\Person\\valid\\labels... 160 images, 1 backgrounds, 0 corrupt: 100%|\u2588\u2588\u2588\u2588\u2588\u2588\u2588\u2588\u2588\u2588| 160/160 [00:13<00:00, 12.22it/s]\u001b[0m"},"type":"ws_msg"}
{"payload":{"local_timestamp":1708744831276,"message_id":228,"stderr":true,"stdout":"\n"},"type":"ws_msg"}
{"payload":{"local_timestamp":1708744831414,"message_id":229,"stderr":true,"stdout":"\u001b[34m\u001b[1mval: \u001b[0mWARNING  Cache directory C:\\Users\\koonc\\yolov5-master\\Person\\valid is not writeable: [WinError 183] Cannot create a file when that file already exists: 'C:\\\\Users\\\\koonc\\\\yolov5-master\\\\Person\\\\valid\\\\labels.cache.npy' -> 'C:\\\\Users\\\\koonc\\\\yolov5-master\\\\Person\\\\valid\\\\labels.cache'\n"},"type":"ws_msg"}
{"payload":{"local_timestamp":1708744831525,"message_id":230,"stderr":true,"stdout":"\r  0%|          | 0/160 [00:00<?, ?it/s]"},"type":"ws_msg"}
{"payload":{"local_timestamp":1708744831626,"message_id":231,"stderr":true,"stdout":"\r\u001b[34m\u001b[1mval: \u001b[0mCaching images (0.2GB ram):  83%|\u2588\u2588\u2588\u2588\u2588\u2588\u2588\u2588\u258e | 133/160 [00:00<00:00, 1324.13it/s]\u001b[0m"},"type":"ws_msg"}
{"payload":{"local_timestamp":1708744831655,"message_id":232,"stderr":true,"stdout":"\r\u001b[34m\u001b[1mval: \u001b[0mCaching images (0.2GB ram): 100%|\u2588\u2588\u2588\u2588\u2588\u2588\u2588\u2588\u2588\u2588| 160/160 [00:00<00:00, 1227.98it/s]\u001b[0m"},"type":"ws_msg"}
{"payload":{"local_timestamp":1708744831656,"message_id":233,"stderr":true,"stdout":"\n"},"type":"ws_msg"}
{"payload":{"local_timestamp":1708744855836,"message_id":234,"metric":{"epoch":null,"metricName":"sys.gpu.0.gpu_utilization","metricValue":1,"step":null}},"type":"metric_msg"}
{"payload":{"local_timestamp":1708744855837,"message_id":235,"metric":{"epoch":null,"metricName":"sys.gpu.0.power_usage","metricValue":3110,"step":null}},"type":"metric_msg"}
{"payload":{"local_timestamp":1708744855837,"message_id":236,"metric":{"epoch":null,"metricName":"sys.gpu.0.temperature","metricValue":60,"step":null}},"type":"metric_msg"}
{"payload":{"local_timestamp":1708744855837,"message_id":237,"metric":{"epoch":null,"metricName":"sys.gpu.0.memory_utilization","metricValue":0,"step":null}},"type":"metric_msg"}
{"payload":{"local_timestamp":1708744855837,"message_id":238,"metric":{"epoch":null,"metricName":"sys.gpu.0.free_memory","metricValue":3402821632,"step":null}},"type":"metric_msg"}
{"payload":{"local_timestamp":1708744855837,"message_id":239,"metric":{"epoch":null,"metricName":"sys.gpu.0.used_memory","metricValue":892145664,"step":null}},"type":"metric_msg"}
{"payload":{"local_timestamp":1708744855837,"message_id":240,"metric":{"epoch":null,"metricName":"sys.gpu.0.percent.used_memory","metricValue":20.77188491821289,"step":null}},"type":"metric_msg"}
{"payload":{"local_timestamp":1708744855958,"message_id":241,"metric":{"epoch":null,"metricName":"sys.cpu.percent.avg","metricValue":21.0125,"step":null}},"type":"metric_msg"}
{"payload":{"local_timestamp":1708744855958,"message_id":242,"metric":{"epoch":null,"metricName":"sys.ram.total","metricValue":17008852992,"step":null}},"type":"metric_msg"}
{"payload":{"local_timestamp":1708744855958,"message_id":243,"metric":{"epoch":null,"metricName":"sys.ram.used","metricValue":8824020992,"step":null}},"type":"metric_msg"}
{"payload":{"local_timestamp":1708744855958,"message_id":244,"metric":{"epoch":null,"metricName":"sys.ram.available","metricValue":8184832000,"step":null}},"type":"metric_msg"}
{"payload":{"local_timestamp":1708744855958,"message_id":245,"metric":{"epoch":null,"metricName":"sys.ram.percent.used","metricValue":51.9,"step":null}},"type":"metric_msg"}
{"payload":{"local_timestamp":1708744855958,"message_id":246,"metric":{"epoch":null,"metricName":"sys.load.avg","metricValue":1.27,"step":null}},"type":"metric_msg"}
{"payload":{"local_timestamp":1708744857530,"message_id":247,"metric":{"epoch":null,"metricName":"sys.network.send_bps","metricValue":447,"step":null}},"type":"metric_msg"}
{"payload":{"local_timestamp":1708744857530,"message_id":248,"metric":{"epoch":null,"metricName":"sys.network.receive_bps","metricValue":5207,"step":null}},"type":"metric_msg"}
{"payload":{"local_timestamp":1708744857640,"message_id":249,"metric":{"epoch":null,"metricName":"sys.disk.read_bps","metricValue":67805715.40861675,"step":null}},"type":"metric_msg"}
{"payload":{"local_timestamp":1708744857640,"message_id":250,"metric":{"epoch":null,"metricName":"sys.disk.write_bps","metricValue":164996128.98248547,"step":null}},"type":"metric_msg"}
{"payload":{"local_timestamp":1708744870745,"message_id":251,"stderr":true,"stdout":"\n\u001b[34m\u001b[1mAutoAnchor: \u001b[0m2.85 anchors/target, 1.000 Best Possible Recall (BPR). Current anchors are a good fit to dataset \n"},"type":"ws_msg"}
{"payload":{"local_timestamp":1708744870854,"message_id":252,"stderr":true,"stdout":"Plotting labels to runs\\train\\exp26\\labels.jpg... \n"},"type":"ws_msg"}
{"payload":{"additional_params":{"assetId":"de147e346140400a917dd3a62ca15874","context":null,"extension":"jpg","fileName":"labels.jpg","overwrite":false,"runId":null,"step":null},"clean":true,"file_path":"tmpayofuqbv","local_timestamp":1708744873751,"message_id":253,"metadata":{},"upload_type":"asset"},"type":"file_upload"}
{"payload":{"additional_params":{"assetId":"dd213a030688498ea98d5342620c74a3","context":null,"extension":"jpg","fileName":"labels_correlogram.jpg","overwrite":false,"runId":null,"step":null},"clean":true,"file_path":"tmp50jh_1l_","local_timestamp":1708744873761,"message_id":254,"metadata":{},"upload_type":"asset"},"type":"file_upload"}
{"payload":{"local_timestamp":1708744873785,"message_id":255,"param":{"paramName":"cls","paramValue":0.012500000000000002,"source":"manual","step":null}},"type":"parameter_msg"}
{"payload":{"local_timestamp":1708744873785,"message_id":256,"param":{"paramName":"weight_decay","paramValue":0.000546875,"source":"manual","step":null}},"type":"parameter_msg"}
{"payload":{"local_timestamp":1708744873785,"message_id":257,"stderr":true,"stdout":"Image sizes 640 train, 640 val\nUsing 8 dataloader workers\nLogging results to \u001b[1mruns\\train\\exp26\u001b[0m\nStarting training for 1000 epochs...\n"},"type":"ws_msg"}
{"payload":{"local_timestamp":1708744873788,"message_id":258,"stderr":true,"stdout":"\n      Epoch    GPU_mem   box_loss   obj_loss   cls_loss  Instances       Size\n"},"type":"ws_msg"}
{"payload":{"local_timestamp":1708744873789,"message_id":259,"stderr":true,"stdout":"\r  0%|          | 0/200 [00:00<?, ?it/s]"},"type":"ws_msg"}
{"payload":{"local_timestamp":1708744875235,"message_id":260,"stderr":true,"stdout":"\r  0%|          | 0/200 [00:01<?, ?it/s]"},"type":"ws_msg"}
{"payload":{"local_timestamp":1708744875235,"message_id":261,"stderr":true,"stdout":"\n"},"type":"ws_msg"}
{"payload":{"local_timestamp":1708744875237,"message_id":262,"stderr":true,"stdout":"Traceback (most recent call last):\n"},"type":"ws_msg"}
{"payload":{"local_timestamp":1708744875237,"message_id":263,"stderr":true,"stdout":"  File \"train.py\", line 836, in <module>\n"},"type":"ws_msg"}
{"payload":{"local_timestamp":1708744875240,"message_id":264,"stderr":true,"stdout":"    "},"type":"ws_msg"}
{"payload":{"local_timestamp":1708744875240,"message_id":265,"stderr":true,"stdout":"main(opt)"},"type":"ws_msg"}
{"payload":{"local_timestamp":1708744875240,"message_id":266,"stderr":true,"stdout":"\n"},"type":"ws_msg"}
{"payload":{"local_timestamp":1708744875240,"message_id":267,"stderr":true,"stdout":"  File \"train.py\", line 616, in main\n"},"type":"ws_msg"}
{"payload":{"local_timestamp":1708744875240,"message_id":268,"stderr":true,"stdout":"    "},"type":"ws_msg"}
{"payload":{"local_timestamp":1708744875240,"message_id":269,"stderr":true,"stdout":"train(opt.hyp, opt, device, callbacks)"},"type":"ws_msg"}
{"payload":{"local_timestamp":1708744875240,"message_id":270,"stderr":true,"stdout":"\n"},"type":"ws_msg"}
{"payload":{"local_timestamp":1708744875240,"message_id":271,"stderr":true,"stdout":"  File \"train.py\", line 384, in train\n"},"type":"ws_msg"}
{"payload":{"local_timestamp":1708744875240,"message_id":272,"stderr":true,"stdout":"    "},"type":"ws_msg"}
{"payload":{"local_timestamp":1708744875240,"message_id":273,"stderr":true,"stdout":"scaler.scale(loss).backward()"},"type":"ws_msg"}
{"payload":{"local_timestamp":1708744875241,"message_id":274,"stderr":true,"stdout":"\n"},"type":"ws_msg"}
{"payload":{"local_timestamp":1708744875241,"message_id":275,"stderr":true,"stdout":"  File \"C:\\Users\\koonc\\AppData\\Local\\Programs\\Python\\Python38\\lib\\site-packages\\comet_ml\\monkey_patching.py\", line 317, in wrapper\n"},"type":"ws_msg"}
{"payload":{"local_timestamp":1708744875241,"message_id":276,"stderr":true,"stdout":"    "},"type":"ws_msg"}
{"payload":{"local_timestamp":1708744875241,"message_id":277,"stderr":true,"stdout":"raise exception_raised"},"type":"ws_msg"}
{"payload":{"local_timestamp":1708744875241,"message_id":278,"stderr":true,"stdout":"\n"},"type":"ws_msg"}
{"payload":{"local_timestamp":1708744875241,"message_id":279,"stderr":true,"stdout":"  File \"C:\\Users\\koonc\\AppData\\Local\\Programs\\Python\\Python38\\lib\\site-packages\\comet_ml\\monkey_patching.py\", line 288, in wrapper\n"},"type":"ws_msg"}
{"payload":{"local_timestamp":1708744875241,"message_id":280,"stderr":true,"stdout":"    "},"type":"ws_msg"}
{"payload":{"local_timestamp":1708744875241,"message_id":281,"stderr":true,"stdout":"return_value = original(*args, **kwargs)"},"type":"ws_msg"}
{"payload":{"local_timestamp":1708744875241,"message_id":282,"stderr":true,"stdout":"\n"},"type":"ws_msg"}
{"payload":{"local_timestamp":1708744875241,"message_id":283,"stderr":true,"stdout":"  File \"C:\\Users\\koonc\\AppData\\Local\\Programs\\Python\\Python38\\lib\\site-packages\\torch\\_tensor.py\", line 522, in backward\n"},"type":"ws_msg"}
{"payload":{"local_timestamp":1708744875343,"message_id":284,"stderr":true,"stdout":"    "},"type":"ws_msg"}
{"payload":{"local_timestamp":1708744875343,"message_id":285,"stderr":true,"stdout":"torch.autograd.backward("},"type":"ws_msg"}
{"payload":{"local_timestamp":1708744875343,"message_id":286,"stderr":true,"stdout":"\n"},"type":"ws_msg"}
{"payload":{"local_timestamp":1708744875343,"message_id":287,"stderr":true,"stdout":"  File \"C:\\Users\\koonc\\AppData\\Local\\Programs\\Python\\Python38\\lib\\site-packages\\torch\\autograd\\__init__.py\", line 266, in backward\n"},"type":"ws_msg"}
{"payload":{"local_timestamp":1708744875382,"message_id":288,"stderr":true,"stdout":"    "},"type":"ws_msg"}
{"payload":{"local_timestamp":1708744875382,"message_id":289,"stderr":true,"stdout":"Variable._execution_engine.run_backward(  # Calls into the C++ engine to run the backward pass"},"type":"ws_msg"}
{"payload":{"local_timestamp":1708744875383,"message_id":290,"stderr":true,"stdout":"\n"},"type":"ws_msg"}
{"payload":{"local_timestamp":1708744875383,"message_id":291,"stderr":true,"stdout":"RuntimeError"},"type":"ws_msg"}
{"payload":{"local_timestamp":1708744875383,"message_id":292,"stderr":true,"stdout":": "},"type":"ws_msg"}
{"payload":{"local_timestamp":1708744875383,"message_id":293,"stderr":true,"stdout":"CUDA error: unknown error\nCUDA kernel errors might be asynchronously reported at some other API call, so the stacktrace below might be incorrect.\nFor debugging consider passing CUDA_LAUNCH_BLOCKING=1.\nCompile with `TORCH_USE_CUDA_DSA` to enable device-side assertions.\n"},"type":"ws_msg"}
{"payload":{"local_timestamp":1708744875383,"message_id":294,"stderr":true,"stdout":"\n"},"type":"ws_msg"}
{"payload":{"local_timestamp":1708744875392,"message_id":295,"stderr":true,"stdout":"\u001b[1;38;5;39mCOMET INFO:\u001b[0m ---------------------------------------------------------------------------------------\n"},"type":"ws_msg"}
{"payload":{"local_timestamp":1708744875392,"message_id":296,"stderr":true,"stdout":"\u001b[1;38;5;39mCOMET INFO:\u001b[0m Comet.ml OfflineExperiment Summary\n"},"type":"ws_msg"}
{"payload":{"local_timestamp":1708744875392,"message_id":297,"stderr":true,"stdout":"\u001b[1;38;5;39mCOMET INFO:\u001b[0m ---------------------------------------------------------------------------------------\n"},"type":"ws_msg"}
{"payload":{"local_timestamp":1708744875393,"message_id":298,"stderr":true,"stdout":"\u001b[1;38;5;39mCOMET INFO:\u001b[0m   Data:\n"},"type":"ws_msg"}
{"payload":{"local_timestamp":1708744875393,"message_id":299,"stderr":true,"stdout":"\u001b[1;38;5;39mCOMET INFO:\u001b[0m     display_summary_level : 1\n"},"type":"ws_msg"}
{"payload":{"local_timestamp":1708744875393,"message_id":300,"stderr":true,"stdout":"\u001b[1;38;5;39mCOMET INFO:\u001b[0m     url                   : [OfflineExperiment will get URL after upload]\n"},"type":"ws_msg"}
{"payload":{"local_timestamp":1708744875394,"message_id":301,"stderr":true,"stdout":"\u001b[1;38;5;39mCOMET INFO:\u001b[0m   Others:\n"},"type":"ws_msg"}
{"payload":{"local_timestamp":1708744875394,"message_id":302,"stderr":true,"stdout":"\u001b[1;38;5;39mCOMET INFO:\u001b[0m     Created from                : YOLOv5\n"},"type":"ws_msg"}
{"payload":{"local_timestamp":1708744875394,"message_id":303,"stderr":true,"stdout":"\u001b[1;38;5;39mCOMET INFO:\u001b[0m     Name                        : exp\n"},"type":"ws_msg"}
{"payload":{"local_timestamp":1708744875394,"message_id":304,"stderr":true,"stdout":"\u001b[1;38;5;39mCOMET INFO:\u001b[0m     comet_log_batch_metrics     : False\n"},"type":"ws_msg"}
{"payload":{"local_timestamp":1708744875394,"message_id":305,"stderr":true,"stdout":"\u001b[1;38;5;39mCOMET INFO:\u001b[0m     comet_log_confusion_matrix  : True\n"},"type":"ws_msg"}
{"payload":{"local_timestamp":1708744875395,"message_id":306,"stderr":true,"stdout":"\u001b[1;38;5;39mCOMET INFO:\u001b[0m     comet_log_per_class_metrics : False\n"},"type":"ws_msg"}
{"payload":{"local_timestamp":1708744875395,"message_id":307,"stderr":true,"stdout":"\u001b[1;38;5;39mCOMET INFO:\u001b[0m     comet_max_image_uploads     : 100\n"},"type":"ws_msg"}
{"payload":{"local_timestamp":1708744875395,"message_id":308,"stderr":true,"stdout":"\u001b[1;38;5;39mCOMET INFO:\u001b[0m     comet_mode                  : online\n"},"type":"ws_msg"}
{"payload":{"local_timestamp":1708744875395,"message_id":309,"stderr":true,"stdout":"\u001b[1;38;5;39mCOMET INFO:\u001b[0m     comet_model_name            : yolov5\n"},"type":"ws_msg"}
{"payload":{"local_timestamp":1708744875395,"message_id":310,"stderr":true,"stdout":"\u001b[1;38;5;39mCOMET INFO:\u001b[0m     hasNestedParams             : True\n"},"type":"ws_msg"}
{"payload":{"local_timestamp":1708744875396,"message_id":311,"stderr":true,"stdout":"\u001b[1;38;5;39mCOMET INFO:\u001b[0m     offline_experiment          : True\n"},"type":"ws_msg"}
{"payload":{"local_timestamp":1708744875396,"message_id":312,"stderr":true,"stdout":"\u001b[1;38;5;39mCOMET INFO:\u001b[0m   Parameters:\n"},"type":"ws_msg"}
{"payload":{"local_timestamp":1708744875396,"message_id":313,"stderr":true,"stdout":"\u001b[1;38;5;39mCOMET INFO:\u001b[0m     anchor_t            : 4.0\n"},"type":"ws_msg"}
{"payload":{"local_timestamp":1708744875396,"message_id":314,"stderr":true,"stdout":"\u001b[1;38;5;39mCOMET INFO:\u001b[0m     artifact_alias      : latest\n"},"type":"ws_msg"}
{"payload":{"local_timestamp":1708744875396,"message_id":315,"stderr":true,"stdout":"\u001b[1;38;5;39mCOMET INFO:\u001b[0m     batch_size          : 14\n"},"type":"ws_msg"}
{"payload":{"local_timestamp":1708744875397,"message_id":316,"stderr":true,"stdout":"\u001b[1;38;5;39mCOMET INFO:\u001b[0m     bbox_interval       : -1\n"},"type":"ws_msg"}
{"payload":{"local_timestamp":1708744875397,"message_id":317,"stderr":true,"stdout":"\u001b[1;38;5;39mCOMET INFO:\u001b[0m     box                 : 0.05\n"},"type":"ws_msg"}
{"payload":{"local_timestamp":1708744875397,"message_id":318,"stderr":true,"stdout":"\u001b[1;38;5;39mCOMET INFO:\u001b[0m     bucket              : \n"},"type":"ws_msg"}
{"payload":{"local_timestamp":1708744875397,"message_id":319,"stderr":true,"stdout":"\u001b[1;38;5;39mCOMET INFO:\u001b[0m     cfg                 : \n"},"type":"ws_msg"}
{"payload":{"local_timestamp":1708744875397,"message_id":320,"stderr":true,"stdout":"\u001b[1;38;5;39mCOMET INFO:\u001b[0m     cls                 : 0.012500000000000002\n"},"type":"ws_msg"}
{"payload":{"local_timestamp":1708744875397,"message_id":321,"stderr":true,"stdout":"\u001b[1;38;5;39mCOMET INFO:\u001b[0m     cls_pw              : 1.0\n"},"type":"ws_msg"}
{"payload":{"local_timestamp":1708744875397,"message_id":322,"stderr":true,"stdout":"\u001b[1;38;5;39mCOMET INFO:\u001b[0m     copy_paste          : 0.0\n"},"type":"ws_msg"}
{"payload":{"local_timestamp":1708744875398,"message_id":323,"stderr":true,"stdout":"\u001b[1;38;5;39mCOMET INFO:\u001b[0m     cos_lr              : False\n"},"type":"ws_msg"}
{"payload":{"local_timestamp":1708744875398,"message_id":324,"stderr":true,"stdout":"\u001b[1;38;5;39mCOMET INFO:\u001b[0m     degrees             : 0.0\n"},"type":"ws_msg"}
{"payload":{"local_timestamp":1708744875398,"message_id":325,"stderr":true,"stdout":"\u001b[1;38;5;39mCOMET INFO:\u001b[0m     entity              : None\n"},"type":"ws_msg"}
{"payload":{"local_timestamp":1708744875398,"message_id":326,"stderr":true,"stdout":"\u001b[1;38;5;39mCOMET INFO:\u001b[0m     evolve              : None\n"},"type":"ws_msg"}
{"payload":{"local_timestamp":1708744875398,"message_id":327,"stderr":true,"stdout":"\u001b[1;38;5;39mCOMET INFO:\u001b[0m     evolve_population   : data\\hyps\n"},"type":"ws_msg"}
{"payload":{"local_timestamp":1708744875398,"message_id":328,"stderr":true,"stdout":"\u001b[1;38;5;39mCOMET INFO:\u001b[0m     exist_ok            : False\n"},"type":"ws_msg"}
{"payload":{"local_timestamp":1708744875398,"message_id":329,"stderr":true,"stdout":"\u001b[1;38;5;39mCOMET INFO:\u001b[0m     fl_gamma            : 0.0\n"},"type":"ws_msg"}
{"payload":{"local_timestamp":1708744875399,"message_id":330,"stderr":true,"stdout":"\u001b[1;38;5;39mCOMET INFO:\u001b[0m     fliplr              : 0.5\n"},"type":"ws_msg"}
{"payload":{"local_timestamp":1708744875399,"message_id":331,"stderr":true,"stdout":"\u001b[1;38;5;39mCOMET INFO:\u001b[0m     flipud              : 0.0\n"},"type":"ws_msg"}
{"payload":{"local_timestamp":1708744875399,"message_id":332,"stderr":true,"stdout":"\u001b[1;38;5;39mCOMET INFO:\u001b[0m     freeze              : [0]\n"},"type":"ws_msg"}
{"payload":{"local_timestamp":1708744875399,"message_id":333,"stderr":true,"stdout":"\u001b[1;38;5;39mCOMET INFO:\u001b[0m     hsv_h               : 0.015\n"},"type":"ws_msg"}
{"payload":{"local_timestamp":1708744875399,"message_id":334,"stderr":true,"stdout":"\u001b[1;38;5;39mCOMET INFO:\u001b[0m     hsv_s               : 0.7\n"},"type":"ws_msg"}
{"payload":{"local_timestamp":1708744875399,"message_id":335,"stderr":true,"stdout":"\u001b[1;38;5;39mCOMET INFO:\u001b[0m     hsv_v               : 0.4\n"},"type":"ws_msg"}
{"payload":{"local_timestamp":1708744875399,"message_id":336,"stderr":true,"stdout":"\u001b[1;38;5;39mCOMET INFO:\u001b[0m     hyp|anchor_t        : 4.0\n"},"type":"ws_msg"}
{"payload":{"local_timestamp":1708744875399,"message_id":337,"stderr":true,"stdout":"\u001b[1;38;5;39mCOMET INFO:\u001b[0m     hyp|box             : 0.05\n"},"type":"ws_msg"}
{"payload":{"local_timestamp":1708744875399,"message_id":338,"stderr":true,"stdout":"\u001b[1;38;5;39mCOMET INFO:\u001b[0m     hyp|cls             : 0.5\n"},"type":"ws_msg"}
{"payload":{"local_timestamp":1708744875400,"message_id":339,"stderr":true,"stdout":"\u001b[1;38;5;39mCOMET INFO:\u001b[0m     hyp|cls_pw          : 1.0\n"},"type":"ws_msg"}
{"payload":{"local_timestamp":1708744875400,"message_id":340,"stderr":true,"stdout":"\u001b[1;38;5;39mCOMET INFO:\u001b[0m     hyp|copy_paste      : 0.0\n"},"type":"ws_msg"}
{"payload":{"local_timestamp":1708744875400,"message_id":341,"stderr":true,"stdout":"\u001b[1;38;5;39mCOMET INFO:\u001b[0m     hyp|degrees         : 0.0\n"},"type":"ws_msg"}
{"payload":{"local_timestamp":1708744875400,"message_id":342,"stderr":true,"stdout":"\u001b[1;38;5;39mCOMET INFO:\u001b[0m     hyp|fl_gamma        : 0.0\n"},"type":"ws_msg"}
{"payload":{"local_timestamp":1708744875400,"message_id":343,"stderr":true,"stdout":"\u001b[1;38;5;39mCOMET INFO:\u001b[0m     hyp|fliplr          : 0.5\n"},"type":"ws_msg"}
{"payload":{"local_timestamp":1708744875400,"message_id":344,"stderr":true,"stdout":"\u001b[1;38;5;39mCOMET INFO:\u001b[0m     hyp|flipud          : 0.0\n"},"type":"ws_msg"}
{"payload":{"local_timestamp":1708744875400,"message_id":345,"stderr":true,"stdout":"\u001b[1;38;5;39mCOMET INFO:\u001b[0m     hyp|hsv_h           : 0.015\n"},"type":"ws_msg"}
{"payload":{"local_timestamp":1708744875400,"message_id":346,"stderr":true,"stdout":"\u001b[1;38;5;39mCOMET INFO:\u001b[0m     hyp|hsv_s           : 0.7\n"},"type":"ws_msg"}
{"payload":{"local_timestamp":1708744875400,"message_id":347,"stderr":true,"stdout":"\u001b[1;38;5;39mCOMET INFO:\u001b[0m     hyp|hsv_v           : 0.4\n"},"type":"ws_msg"}
{"payload":{"local_timestamp":1708744875401,"message_id":348,"stderr":true,"stdout":"\u001b[1;38;5;39mCOMET INFO:\u001b[0m     hyp|iou_t           : 0.2\n"},"type":"ws_msg"}
{"payload":{"local_timestamp":1708744875401,"message_id":349,"stderr":true,"stdout":"\u001b[1;38;5;39mCOMET INFO:\u001b[0m     hyp|lr0             : 0.01\n"},"type":"ws_msg"}
{"payload":{"local_timestamp":1708744875401,"message_id":350,"stderr":true,"stdout":"\u001b[1;38;5;39mCOMET INFO:\u001b[0m     hyp|lrf             : 0.01\n"},"type":"ws_msg"}
{"payload":{"local_timestamp":1708744875401,"message_id":351,"stderr":true,"stdout":"\u001b[1;38;5;39mCOMET INFO:\u001b[0m     hyp|mixup           : 0.0\n"},"type":"ws_msg"}
{"payload":{"local_timestamp":1708744875401,"message_id":352,"stderr":true,"stdout":"\u001b[1;38;5;39mCOMET INFO:\u001b[0m     hyp|momentum        : 0.937\n"},"type":"ws_msg"}
{"payload":{"local_timestamp":1708744875401,"message_id":353,"stderr":true,"stdout":"\u001b[1;38;5;39mCOMET INFO:\u001b[0m     hyp|mosaic          : 1.0\n"},"type":"ws_msg"}
{"payload":{"local_timestamp":1708744875401,"message_id":354,"stderr":true,"stdout":"\u001b[1;38;5;39mCOMET INFO:\u001b[0m     hyp|obj             : 1.0\n"},"type":"ws_msg"}
{"payload":{"local_timestamp":1708744875401,"message_id":355,"stderr":true,"stdout":"\u001b[1;38;5;39mCOMET INFO:\u001b[0m     hyp|obj_pw          : 1.0\n"},"type":"ws_msg"}
{"payload":{"local_timestamp":1708744875402,"message_id":356,"stderr":true,"stdout":"\u001b[1;38;5;39mCOMET INFO:\u001b[0m     hyp|perspective     : 0.0\n"},"type":"ws_msg"}
{"payload":{"local_timestamp":1708744875402,"message_id":357,"stderr":true,"stdout":"\u001b[1;38;5;39mCOMET INFO:\u001b[0m     hyp|scale           : 0.5\n"},"type":"ws_msg"}
{"payload":{"local_timestamp":1708744875402,"message_id":358,"stderr":true,"stdout":"\u001b[1;38;5;39mCOMET INFO:\u001b[0m     hyp|shear           : 0.0\n"},"type":"ws_msg"}
{"payload":{"local_timestamp":1708744875402,"message_id":359,"stderr":true,"stdout":"\u001b[1;38;5;39mCOMET INFO:\u001b[0m     hyp|translate       : 0.1\n"},"type":"ws_msg"}
{"payload":{"local_timestamp":1708744875402,"message_id":360,"stderr":true,"stdout":"\u001b[1;38;5;39mCOMET INFO:\u001b[0m     hyp|warmup_bias_lr  : 0.1\n"},"type":"ws_msg"}
{"payload":{"local_timestamp":1708744875402,"message_id":361,"stderr":true,"stdout":"\u001b[1;38;5;39mCOMET INFO:\u001b[0m     hyp|warmup_epochs   : 3.0\n"},"type":"ws_msg"}
{"payload":{"local_timestamp":1708744875402,"message_id":362,"stderr":true,"stdout":"\u001b[1;38;5;39mCOMET INFO:\u001b[0m     hyp|warmup_momentum : 0.8\n"},"type":"ws_msg"}
{"payload":{"local_timestamp":1708744875402,"message_id":363,"stderr":true,"stdout":"\u001b[1;38;5;39mCOMET INFO:\u001b[0m     hyp|weight_decay    : 0.0005\n"},"type":"ws_msg"}
{"payload":{"local_timestamp":1708744875402,"message_id":364,"stderr":true,"stdout":"\u001b[1;38;5;39mCOMET INFO:\u001b[0m     image_weights       : False\n"},"type":"ws_msg"}
{"payload":{"local_timestamp":1708744875403,"message_id":365,"stderr":true,"stdout":"\u001b[1;38;5;39mCOMET INFO:\u001b[0m     imgsz               : 640\n"},"type":"ws_msg"}
{"payload":{"local_timestamp":1708744875403,"message_id":366,"stderr":true,"stdout":"\u001b[1;38;5;39mCOMET INFO:\u001b[0m     iou_t               : 0.2\n"},"type":"ws_msg"}
{"payload":{"local_timestamp":1708744875403,"message_id":367,"stderr":true,"stdout":"\u001b[1;38;5;39mCOMET INFO:\u001b[0m     label_smoothing     : 0.0\n"},"type":"ws_msg"}
{"payload":{"local_timestamp":1708744875403,"message_id":368,"stderr":true,"stdout":"\u001b[1;38;5;39mCOMET INFO:\u001b[0m     local_rank          : -1\n"},"type":"ws_msg"}
{"payload":{"local_timestamp":1708744875403,"message_id":369,"stderr":true,"stdout":"\u001b[1;38;5;39mCOMET INFO:\u001b[0m     lr0                 : 0.01\n"},"type":"ws_msg"}
{"payload":{"local_timestamp":1708744875403,"message_id":370,"stderr":true,"stdout":"\u001b[1;38;5;39mCOMET INFO:\u001b[0m     lrf                 : 0.01\n"},"type":"ws_msg"}
{"payload":{"local_timestamp":1708744875403,"message_id":371,"stderr":true,"stdout":"\u001b[1;38;5;39mCOMET INFO:\u001b[0m     mixup               : 0.0\n"},"type":"ws_msg"}
{"payload":{"local_timestamp":1708744875403,"message_id":372,"stderr":true,"stdout":"\u001b[1;38;5;39mCOMET INFO:\u001b[0m     momentum            : 0.937\n"},"type":"ws_msg"}
{"payload":{"local_timestamp":1708744875403,"message_id":373,"stderr":true,"stdout":"\u001b[1;38;5;39mCOMET INFO:\u001b[0m     mosaic              : 1.0\n"},"type":"ws_msg"}
{"payload":{"local_timestamp":1708744875404,"message_id":374,"stderr":true,"stdout":"\u001b[1;38;5;39mCOMET INFO:\u001b[0m     multi_scale         : False\n"},"type":"ws_msg"}
{"payload":{"local_timestamp":1708744875404,"message_id":375,"stderr":true,"stdout":"\u001b[1;38;5;39mCOMET INFO:\u001b[0m     name                : exp\n"},"type":"ws_msg"}
{"payload":{"local_timestamp":1708744875404,"message_id":376,"stderr":true,"stdout":"\u001b[1;38;5;39mCOMET INFO:\u001b[0m     ndjson_console      : False\n"},"type":"ws_msg"}
{"payload":{"local_timestamp":1708744875404,"message_id":377,"stderr":true,"stdout":"\u001b[1;38;5;39mCOMET INFO:\u001b[0m     ndjson_file         : False\n"},"type":"ws_msg"}
{"payload":{"local_timestamp":1708744875404,"message_id":378,"stderr":true,"stdout":"\u001b[1;38;5;39mCOMET INFO:\u001b[0m     noautoanchor        : False\n"},"type":"ws_msg"}
{"payload":{"local_timestamp":1708744875404,"message_id":379,"stderr":true,"stdout":"\u001b[1;38;5;39mCOMET INFO:\u001b[0m     noplots             : False\n"},"type":"ws_msg"}
{"payload":{"local_timestamp":1708744875404,"message_id":380,"stderr":true,"stdout":"\u001b[1;38;5;39mCOMET INFO:\u001b[0m     nosave              : False\n"},"type":"ws_msg"}
{"payload":{"local_timestamp":1708744875404,"message_id":381,"stderr":true,"stdout":"\u001b[1;38;5;39mCOMET INFO:\u001b[0m     noval               : False\n"},"type":"ws_msg"}
{"payload":{"local_timestamp":1708744875404,"message_id":382,"stderr":true,"stdout":"\u001b[1;38;5;39mCOMET INFO:\u001b[0m     obj                 : 1.0\n"},"type":"ws_msg"}
{"payload":{"local_timestamp":1708744875405,"message_id":383,"stderr":true,"stdout":"\u001b[1;38;5;39mCOMET INFO:\u001b[0m     obj_pw              : 1.0\n"},"type":"ws_msg"}
{"payload":{"local_timestamp":1708744875405,"message_id":384,"stderr":true,"stdout":"\u001b[1;38;5;39mCOMET INFO:\u001b[0m     optimizer           : SGD\n"},"type":"ws_msg"}
{"payload":{"local_timestamp":1708744875405,"message_id":385,"stderr":true,"stdout":"\u001b[1;38;5;39mCOMET INFO:\u001b[0m     perspective         : 0.0\n"},"type":"ws_msg"}
{"payload":{"local_timestamp":1708744875405,"message_id":386,"stderr":true,"stdout":"\u001b[1;38;5;39mCOMET INFO:\u001b[0m     project             : runs\\train\n"},"type":"ws_msg"}
{"payload":{"local_timestamp":1708744875405,"message_id":387,"stderr":true,"stdout":"\u001b[1;38;5;39mCOMET INFO:\u001b[0m     quad                : False\n"},"type":"ws_msg"}
{"payload":{"local_timestamp":1708744875405,"message_id":388,"stderr":true,"stdout":"\u001b[1;38;5;39mCOMET INFO:\u001b[0m     rect                : False\n"},"type":"ws_msg"}
{"payload":{"local_timestamp":1708744875406,"message_id":389,"stderr":true,"stdout":"\u001b[1;38;5;39mCOMET INFO:\u001b[0m     resume              : False\n"},"type":"ws_msg"}
{"payload":{"local_timestamp":1708744875406,"message_id":390,"stderr":true,"stdout":"\u001b[1;38;5;39mCOMET INFO:\u001b[0m     resume_evolve       : None\n"},"type":"ws_msg"}
{"payload":{"local_timestamp":1708744875406,"message_id":391,"stderr":true,"stdout":"\u001b[1;38;5;39mCOMET INFO:\u001b[0m     save_dir            : runs\\train\\exp26\n"},"type":"ws_msg"}
{"payload":{"local_timestamp":1708744875406,"message_id":392,"stderr":true,"stdout":"\u001b[1;38;5;39mCOMET INFO:\u001b[0m     save_period         : -1\n"},"type":"ws_msg"}
{"payload":{"local_timestamp":1708744875406,"message_id":393,"stderr":true,"stdout":"\u001b[1;38;5;39mCOMET INFO:\u001b[0m     scale               : 0.5\n"},"type":"ws_msg"}
{"payload":{"local_timestamp":1708744875406,"message_id":394,"stderr":true,"stdout":"\u001b[1;38;5;39mCOMET INFO:\u001b[0m     seed                : 0\n"},"type":"ws_msg"}
{"payload":{"local_timestamp":1708744875407,"message_id":395,"stderr":true,"stdout":"\u001b[1;38;5;39mCOMET INFO:\u001b[0m     shear               : 0.0\n"},"type":"ws_msg"}
{"payload":{"local_timestamp":1708744875407,"message_id":396,"stderr":true,"stdout":"\u001b[1;38;5;39mCOMET INFO:\u001b[0m     single_cls          : False\n"},"type":"ws_msg"}
{"payload":{"local_timestamp":1708744875407,"message_id":397,"stderr":true,"stdout":"\u001b[1;38;5;39mCOMET INFO:\u001b[0m     sync_bn             : False\n"},"type":"ws_msg"}
{"payload":{"local_timestamp":1708744875407,"message_id":398,"stderr":true,"stdout":"\u001b[1;38;5;39mCOMET INFO:\u001b[0m     translate           : 0.1\n"},"type":"ws_msg"}
{"payload":{"local_timestamp":1708744875407,"message_id":399,"stderr":true,"stdout":"\u001b[1;38;5;39mCOMET INFO:\u001b[0m     upload_dataset      : False\n"},"type":"ws_msg"}
{"payload":{"local_timestamp":1708744875407,"message_id":400,"stderr":true,"stdout":"\u001b[1;38;5;39mCOMET INFO:\u001b[0m     val_conf_threshold  : 0.001\n"},"type":"ws_msg"}
{"payload":{"local_timestamp":1708744875408,"message_id":401,"stderr":true,"stdout":"\u001b[1;38;5;39mCOMET INFO:\u001b[0m     val_iou_threshold   : 0.6\n"},"type":"ws_msg"}
{"payload":{"local_timestamp":1708744875408,"message_id":402,"stderr":true,"stdout":"\u001b[1;38;5;39mCOMET INFO:\u001b[0m     warmup_bias_lr      : 0.1\n"},"type":"ws_msg"}
{"payload":{"local_timestamp":1708744875408,"message_id":403,"stderr":true,"stdout":"\u001b[1;38;5;39mCOMET INFO:\u001b[0m     warmup_epochs       : 3.0\n"},"type":"ws_msg"}
{"payload":{"local_timestamp":1708744875408,"message_id":404,"stderr":true,"stdout":"\u001b[1;38;5;39mCOMET INFO:\u001b[0m     warmup_momentum     : 0.8\n"},"type":"ws_msg"}
{"payload":{"local_timestamp":1708744875408,"message_id":405,"stderr":true,"stdout":"\u001b[1;38;5;39mCOMET INFO:\u001b[0m     weight_decay        : 0.000546875\n"},"type":"ws_msg"}
{"payload":{"local_timestamp":1708744875408,"message_id":406,"stderr":true,"stdout":"\u001b[1;38;5;39mCOMET INFO:\u001b[0m     workers             : 8\n"},"type":"ws_msg"}
{"payload":{"local_timestamp":1708744875408,"message_id":407,"stderr":true,"stdout":"\u001b[1;38;5;39mCOMET INFO:\u001b[0m   Uploads:\n"},"type":"ws_msg"}
{"payload":{"local_timestamp":1708744875409,"message_id":408,"stderr":true,"stdout":"\u001b[1;38;5;39mCOMET INFO:\u001b[0m     asset               : 5 (483.56 KB)\n"},"type":"ws_msg"}
{"payload":{"local_timestamp":1708744875409,"message_id":409,"stderr":true,"stdout":"\u001b[1;38;5;39mCOMET INFO:\u001b[0m     environment details : 1\n"},"type":"ws_msg"}
{"payload":{"local_timestamp":1708744875409,"message_id":410,"stderr":true,"stdout":"\u001b[1;38;5;39mCOMET INFO:\u001b[0m     git metadata        : 1\n"},"type":"ws_msg"}
{"payload":{"local_timestamp":1708744875409,"message_id":411,"stderr":true,"stdout":"\u001b[1;38;5;39mCOMET INFO:\u001b[0m     installed packages  : 1\n"},"type":"ws_msg"}
{"payload":{"local_timestamp":1708744875409,"message_id":412,"stderr":true,"stdout":"\u001b[1;38;5;39mCOMET INFO:\u001b[0m \n"},"type":"ws_msg"}
