{"payload":{"installed_packages":["attrs==23.2.0","certifi==2024.2.2","charset-normalizer==3.3.2","clearml==1.14.2","colorama==0.4.6","comet-ml==3.37.1","configobj==5.0.8","contourpy==1.1.1","cycler==0.12.1","dulwich==0.21.7","everett==3.1.0","filelock==3.13.1","fonttools==4.48.1","fsspec==2024.2.0","furl==2.1.3","gitdb==4.0.11","gitpython==3.1.41","idna==3.6","importlib-resources==6.1.1","jinja2==3.1.3","jsonschema-specifications==2023.12.1","jsonschema==4.21.1","kiwisolver==1.4.5","markdown-it-py==3.0.0","markupsafe==2.1.5","matplotlib==3.7.4","mdurl==0.1.2","mouseinfo==0.1.3","mpmath==1.3.0","networkx==3.1","numpy==1.24.4","opencv-python==4.9.0.80","orderedmultidict==1.0.1","packaging==23.2","pandas==2.0.3","pathlib2==2.3.7.post1","pillow==10.2.0","pip==24.0","pkgutil-resolve-name==1.3.10","psutil==5.9.8","py-cpuinfo==9.0.0","pyautogui==0.9.54","pygetwindow==0.0.9","pygments==2.17.2","pyjwt==2.8.0","pymsgbox==1.0.9","pyparsing==3.1.1","pyperclip==1.8.2","pyrect==0.2.0","pyscreeze==0.1.30","python-box==6.1.0","python-dateutil==2.8.2","pytweening==1.0.7","pytz==2024.1","pyyaml==6.0.1","referencing==0.33.0","requests-toolbelt==1.0.0","requests==2.31.0","rich==13.7.0","rpds-py==0.17.1","scipy==1.10.1","seaborn==0.13.2","semantic-version==2.10.0","sentry-sdk==1.40.3","setuptools==69.0.3","simplejson==3.19.2","six==1.16.0","smmap==5.0.1","sympy==1.12","thop==0.1.1.post2209072238","torch==2.2.0","torchvision==0.17.0","tqdm==4.66.1","typing-extensions==4.9.0","tzdata==2023.4","ultralytics==8.1.10","urllib3==2.2.0","websocket-client==1.3.3","wrapt==1.16.0","wurlitzer==3.0.3","zipp==3.17.0"],"local_timestamp":1707662650264,"message_id":1},"type":"ws_msg"}
{"payload":{"env_details":{"command":["train.py","--img","640","--batch","16","--epochs","50","--data","myre/TFTset10/data.yaml","--weights","yolov5s.pt","--cache"],"env":null,"hostname":"bekbek101","ip":"172.16.1.168","machine":"AMD64","os":"Windows-10-10.0.22621-SP0","os_release":"10","os_type":"Windows","pid":10848,"processor":"Intel64 Family 6 Model 165 Stepping 2, GenuineIntel","python_exe":"C:\\Users\\koonc\\AppData\\Local\\Programs\\Python\\Python38\\python.exe","python_version":"3.8.10","python_version_verbose":"3.8.10 (tags/v3.8.10:3d8993a, May  3 2021, 11:48:03) [MSC v.1928 64 bit (AMD64)]","user":"koonc"},"local_timestamp":1707662650279,"message_id":2},"type":"ws_msg"}
{"payload":{"gpu_static_info":[{"gpu_index":0,"name":"NVIDIA GeForce GTX 1650","power_limit":50000,"total_memory":4294967296,"uuid":"GPU-88307867-da8c-54be-d5b7-580feeb46a63"}],"local_timestamp":1707662650300,"message_id":3},"type":"ws_msg"}
{"payload":{"local_timestamp":1707662650300,"message_id":4,"metric":{"epoch":null,"metricName":"sys.gpu.0.total_memory","metricValue":4294967296,"step":null}},"type":"metric_msg"}
{"payload":{"local_timestamp":1707662650302,"message_id":5,"param":{"paramName":"img","paramValue":640,"source":"cli","step":null}},"type":"parameter_msg"}
{"payload":{"local_timestamp":1707662650302,"message_id":6,"param":{"paramName":"batch","paramValue":16,"source":"cli","step":null}},"type":"parameter_msg"}
{"payload":{"local_timestamp":1707662650302,"message_id":7,"param":{"paramName":"epochs","paramValue":50,"source":"cli","step":null}},"type":"parameter_msg"}
{"payload":{"local_timestamp":1707662650302,"message_id":8,"param":{"paramName":"data","paramValue":"myre/TFTset10/data.yaml","source":"cli","step":null}},"type":"parameter_msg"}
{"payload":{"local_timestamp":1707662650302,"message_id":9,"param":{"paramName":"weights","paramValue":"yolov5s.pt","source":"cli","step":null}},"type":"parameter_msg"}
{"payload":{"local_timestamp":1707662650302,"message_id":10,"param":{"paramName":"cache","paramValue":true,"source":"cli","step":null}},"type":"parameter_msg"}
{"payload":{"local_timestamp":1707662650303,"log_other":{"key":"offline_experiment","val":true},"message_id":11},"type":"ws_msg"}
{"payload":{"local_timestamp":1707662650303,"log_other":{"key":"Name","val":"exp"},"message_id":12},"type":"ws_msg"}
{"payload":{"additional_params":{"assetId":"471f4ca22bfe42889dd4a7c6f71e3b26","context":null,"extension":"yaml","fileName":"data.yaml","overwrite":false,"runId":null,"step":null},"clean":true,"file_path":"tmpe4mw96tx","local_timestamp":1707662650307,"message_id":13,"metadata":{"type":"data-config-file"},"upload_type":"asset"},"type":"file_upload"}
{"payload":{"local_timestamp":1707662650313,"message_id":14,"metric":{"epoch":null,"metricName":"sys.gpu.0.gpu_utilization","metricValue":24,"step":null}},"type":"metric_msg"}
{"payload":{"local_timestamp":1707662650313,"message_id":15,"metric":{"epoch":null,"metricName":"sys.gpu.0.power_usage","metricValue":4789,"step":null}},"type":"metric_msg"}
{"payload":{"local_timestamp":1707662650313,"message_id":16,"metric":{"epoch":null,"metricName":"sys.gpu.0.temperature","metricValue":56,"step":null}},"type":"metric_msg"}
{"payload":{"local_timestamp":1707662650313,"message_id":17,"metric":{"epoch":null,"metricName":"sys.gpu.0.memory_utilization","metricValue":6,"step":null}},"type":"metric_msg"}
{"payload":{"local_timestamp":1707662650313,"message_id":18,"metric":{"epoch":null,"metricName":"sys.gpu.0.free_memory","metricValue":3279945728,"step":null}},"type":"metric_msg"}
{"payload":{"local_timestamp":1707662650313,"message_id":19,"metric":{"epoch":null,"metricName":"sys.gpu.0.used_memory","metricValue":1015021568,"step":null}},"type":"metric_msg"}
{"payload":{"local_timestamp":1707662650313,"message_id":20,"metric":{"epoch":null,"metricName":"sys.gpu.0.percent.used_memory","metricValue":23.6328125,"step":null}},"type":"metric_msg"}
{"payload":{"local_timestamp":1707662650318,"message_id":21,"stderr":true,"stdout":"\nDataset not found , missing paths ['C:\\\\Users\\\\koonc\\\\yolov5-master\\\\valid\\\\images']\n"},"type":"ws_msg"}
{"payload":{"local_timestamp":1707662650318,"message_id":22,"stderr":true,"stdout":"Traceback (most recent call last):\n"},"type":"ws_msg"}
{"payload":{"local_timestamp":1707662650318,"message_id":23,"stderr":true,"stdout":"  File \"train.py\", line 836, in <module>\n"},"type":"ws_msg"}
{"payload":{"local_timestamp":1707662650319,"message_id":24,"stderr":true,"stdout":"    "},"type":"ws_msg"}
{"payload":{"local_timestamp":1707662650319,"message_id":25,"stderr":true,"stdout":"main(opt)"},"type":"ws_msg"}
{"payload":{"local_timestamp":1707662650320,"message_id":26,"stderr":true,"stdout":"\n"},"type":"ws_msg"}
{"payload":{"local_timestamp":1707662650320,"message_id":27,"stderr":true,"stdout":"  File \"train.py\", line 616, in main\n"},"type":"ws_msg"}
{"payload":{"local_timestamp":1707662650320,"message_id":28,"stderr":true,"stdout":"    "},"type":"ws_msg"}
{"payload":{"local_timestamp":1707662650320,"message_id":29,"stderr":true,"stdout":"train(opt.hyp, opt, device, callbacks)"},"type":"ws_msg"}
{"payload":{"local_timestamp":1707662650320,"message_id":30,"stderr":true,"stdout":"\n"},"type":"ws_msg"}
{"payload":{"local_timestamp":1707662650321,"message_id":31,"stderr":true,"stdout":"  File \"train.py\", line 147, in train\n"},"type":"ws_msg"}
{"payload":{"local_timestamp":1707662650321,"message_id":32,"stderr":true,"stdout":"    "},"type":"ws_msg"}
{"payload":{"local_timestamp":1707662650321,"message_id":33,"stderr":true,"stdout":"loggers = Loggers("},"type":"ws_msg"}
{"payload":{"local_timestamp":1707662650321,"message_id":34,"stderr":true,"stdout":"\n"},"type":"ws_msg"}
{"payload":{"local_timestamp":1707662650321,"message_id":35,"stderr":true,"stdout":"  File \"C:\\Users\\koonc\\yolov5-master\\utils\\loggers\\__init__.py\", line 146, in __init__\n"},"type":"ws_msg"}
{"payload":{"local_timestamp":1707662650323,"message_id":36,"stderr":true,"stdout":"    "},"type":"ws_msg"}
{"payload":{"local_timestamp":1707662650323,"message_id":37,"stderr":true,"stdout":"self.comet_logger = CometLogger(self.opt, self.hyp)"},"type":"ws_msg"}
{"payload":{"local_timestamp":1707662650323,"message_id":38,"stderr":true,"stdout":"\n"},"type":"ws_msg"}
{"payload":{"local_timestamp":1707662650324,"message_id":39,"stderr":true,"stdout":"  File \"C:\\Users\\koonc\\yolov5-master\\utils\\loggers\\comet\\__init__.py\", line 97, in __init__\n"},"type":"ws_msg"}
{"payload":{"local_timestamp":1707662650324,"message_id":40,"stderr":true,"stdout":"    "},"type":"ws_msg"}
{"payload":{"local_timestamp":1707662650324,"message_id":41,"stderr":true,"stdout":"self.data_dict = self.check_dataset(self.opt.data)"},"type":"ws_msg"}
{"payload":{"local_timestamp":1707662650324,"message_id":42,"stderr":true,"stdout":"\n"},"type":"ws_msg"}
{"payload":{"local_timestamp":1707662650324,"message_id":43,"stderr":true,"stdout":"  File \"C:\\Users\\koonc\\yolov5-master\\utils\\loggers\\comet\\__init__.py\", line 247, in check_dataset\n"},"type":"ws_msg"}
{"payload":{"local_timestamp":1707662650324,"message_id":44,"stderr":true,"stdout":"    "},"type":"ws_msg"}
{"payload":{"local_timestamp":1707662650324,"message_id":45,"stderr":true,"stdout":"return check_dataset(data_file)"},"type":"ws_msg"}
{"payload":{"local_timestamp":1707662650324,"message_id":46,"stderr":true,"stdout":"\n"},"type":"ws_msg"}
{"payload":{"local_timestamp":1707662650324,"message_id":47,"stderr":true,"stdout":"  File \"C:\\Users\\koonc\\yolov5-master\\utils\\general.py\", line 534, in check_dataset\n"},"type":"ws_msg"}
{"payload":{"local_timestamp":1707662650326,"message_id":48,"stderr":true,"stdout":"    "},"type":"ws_msg"}
{"payload":{"local_timestamp":1707662650326,"message_id":49,"stderr":true,"stdout":"raise Exception(\"Dataset not found \u274c\")"},"type":"ws_msg"}
{"payload":{"local_timestamp":1707662650326,"message_id":50,"stderr":true,"stdout":"\n"},"type":"ws_msg"}
{"payload":{"local_timestamp":1707662650326,"message_id":51,"stderr":true,"stdout":"Exception"},"type":"ws_msg"}
{"payload":{"local_timestamp":1707662650326,"message_id":52,"stderr":true,"stdout":": "},"type":"ws_msg"}
{"payload":{"local_timestamp":1707662650327,"message_id":53,"stderr":true,"stdout":"Dataset not found \u274c"},"type":"ws_msg"}
{"payload":{"local_timestamp":1707662650327,"message_id":54,"stderr":true,"stdout":"\n"},"type":"ws_msg"}
{"payload":{"local_timestamp":1707662650344,"message_id":55,"stderr":true,"stdout":"\u001b[1;38;5;39mCOMET INFO:\u001b[0m Couldn't find a Git repository in 'C:\\\\Users\\\\koonc\\\\yolov5-master' nor in any parent directory. Set `COMET_GIT_DIRECTORY` if your Git Repository is elsewhere.\n"},"type":"ws_msg"}
{"payload":{"local_timestamp":1707662650345,"message_id":56,"stderr":true,"stdout":"\u001b[1;38;5;39mCOMET INFO:\u001b[0m ---------------------------------------------------------------------------------------\n"},"type":"ws_msg"}
{"payload":{"local_timestamp":1707662650346,"message_id":57,"stderr":true,"stdout":"\u001b[1;38;5;39mCOMET INFO:\u001b[0m Comet.ml OfflineExperiment Summary\n"},"type":"ws_msg"}
{"payload":{"local_timestamp":1707662650346,"message_id":58,"stderr":true,"stdout":"\u001b[1;38;5;39mCOMET INFO:\u001b[0m ---------------------------------------------------------------------------------------\n"},"type":"ws_msg"}
{"payload":{"local_timestamp":1707662650346,"message_id":59,"stderr":true,"stdout":"\u001b[1;38;5;39mCOMET INFO:\u001b[0m   Data:\n"},"type":"ws_msg"}
{"payload":{"local_timestamp":1707662650346,"message_id":60,"stderr":true,"stdout":"\u001b[1;38;5;39mCOMET INFO:\u001b[0m     display_summary_level : 1\n"},"type":"ws_msg"}
{"payload":{"local_timestamp":1707662650346,"message_id":61,"stderr":true,"stdout":"\u001b[1;38;5;39mCOMET INFO:\u001b[0m     url                   : [OfflineExperiment will get URL after upload]\n"},"type":"ws_msg"}
{"payload":{"local_timestamp":1707662650347,"message_id":62,"stderr":true,"stdout":"\u001b[1;38;5;39mCOMET INFO:\u001b[0m   Others:\n"},"type":"ws_msg"}
{"payload":{"local_timestamp":1707662650347,"message_id":63,"stderr":true,"stdout":"\u001b[1;38;5;39mCOMET INFO:\u001b[0m     Name               : exp\n"},"type":"ws_msg"}
{"payload":{"local_timestamp":1707662650347,"message_id":64,"stderr":true,"stdout":"\u001b[1;38;5;39mCOMET INFO:\u001b[0m     offline_experiment : True\n"},"type":"ws_msg"}
{"payload":{"local_timestamp":1707662650347,"message_id":65,"stderr":true,"stdout":"\u001b[1;38;5;39mCOMET INFO:\u001b[0m   Uploads:\n"},"type":"ws_msg"}
{"payload":{"local_timestamp":1707662650347,"message_id":66,"stderr":true,"stdout":"\u001b[1;38;5;39mCOMET INFO:\u001b[0m     asset               : 1 (463 bytes)\n"},"type":"ws_msg"}
{"payload":{"local_timestamp":1707662650347,"message_id":67,"stderr":true,"stdout":"\u001b[1;38;5;39mCOMET INFO:\u001b[0m     environment details : 1\n"},"type":"ws_msg"}
{"payload":{"local_timestamp":1707662650348,"message_id":68,"stderr":true,"stdout":"\u001b[1;38;5;39mCOMET INFO:\u001b[0m     installed packages  : 1\n"},"type":"ws_msg"}
{"payload":{"local_timestamp":1707662650348,"message_id":69,"stderr":true,"stdout":"\u001b[1;38;5;39mCOMET INFO:\u001b[0m \n"},"type":"ws_msg"}
{"payload":{"local_timestamp":1707662650576,"message_id":70,"metric":{"epoch":null,"metricName":"sys.cpu.percent.avg","metricValue":0.0,"step":null}},"type":"metric_msg"}
{"payload":{"local_timestamp":1707662650576,"message_id":71,"metric":{"epoch":null,"metricName":"sys.ram.total","metricValue":17008852992,"step":null}},"type":"metric_msg"}
{"payload":{"local_timestamp":1707662650576,"message_id":72,"metric":{"epoch":null,"metricName":"sys.ram.used","metricValue":12402003968,"step":null}},"type":"metric_msg"}
{"payload":{"local_timestamp":1707662650576,"message_id":73,"metric":{"epoch":null,"metricName":"sys.ram.available","metricValue":4606849024,"step":null}},"type":"metric_msg"}
{"payload":{"local_timestamp":1707662650576,"message_id":74,"metric":{"epoch":null,"metricName":"sys.ram.percent.used","metricValue":72.9,"step":null}},"type":"metric_msg"}
{"payload":{"local_timestamp":1707662650576,"message_id":75,"metric":{"epoch":null,"metricName":"sys.load.avg","metricValue":0.0,"step":null}},"type":"metric_msg"}
